episode,score,total_score,eval_score
1,12.00,12.00,114.64
2,17.00,29.00,114.64
3,11.00,40.00,114.65
4,19.00,59.00,114.65
5,14.00,73.00,114.65
6,14.00,87.00,114.65
7,13.00,100.00,114.66
8,14.00,114.00,114.66
9,11.00,125.00,114.66
10,11.00,136.00,114.66
11,12.00,148.00,114.67
12,14.00,162.00,114.67
13,9.00,171.00,114.67
14,14.00,185.00,114.68
15,13.00,198.00,114.68
16,12.00,210.00,114.68
17,26.00,236.00,114.69
18,11.00,247.00,114.69
19,16.00,263.00,114.69
20,9.00,272.00,114.69
21,21.00,293.00,114.70
22,10.00,303.00,114.70
23,10.00,313.00,114.70
24,15.00,328.00,114.70
25,10.00,338.00,114.71
26,12.00,350.00,114.71
27,21.00,371.00,114.71
28,34.00,405.00,114.72
29,10.00,415.00,114.72
30,9.00,424.00,114.72
31,11.00,435.00,114.73
32,16.00,451.00,114.73
33,11.00,462.00,114.73
34,11.00,473.00,114.73
35,14.00,487.00,114.74
36,13.00,500.00,114.74
37,13.00,513.00,114.74
38,27.00,540.00,114.75
39,11.00,551.00,114.75
40,12.00,563.00,114.75
41,11.00,574.00,114.76
42,12.00,586.00,114.76
43,22.00,608.00,114.76
44,10.00,618.00,114.76
45,11.00,629.00,114.77
46,15.00,644.00,114.77
47,11.00,655.00,114.77
48,13.00,668.00,114.78
49,9.00,677.00,114.78
50,15.00,692.00,114.78
51,36.00,728.00,114.79
52,11.00,739.00,114.79
53,14.00,753.00,114.79
54,10.00,763.00,114.79
55,10.00,773.00,114.80
56,14.00,787.00,114.80
57,13.00,800.00,114.80
58,10.00,810.00,114.80
59,9.00,819.00,114.81
60,17.00,836.00,114.81
61,10.00,846.00,114.81
62,12.00,858.00,114.81
63,17.00,875.00,114.82
64,13.00,888.00,114.82
65,13.00,901.00,114.82
66,20.00,921.00,114.83
67,9.00,930.00,114.83
68,15.00,945.00,114.83
69,11.00,956.00,114.83
70,9.00,965.00,114.84
71,11.00,976.00,114.84
72,17.00,993.00,114.84
73,12.00,1005.00,114.84
74,26.00,1031.00,114.85
75,8.00,1039.00,114.85
76,14.00,1053.00,114.85
77,17.00,1070.00,114.86
78,12.00,1082.00,114.86
79,11.00,1093.00,114.86
80,14.00,1107.00,114.87
81,9.00,1116.00,114.87
82,11.00,1127.00,114.87
83,12.00,1139.00,114.87
84,9.00,1148.00,114.87
85,14.00,1162.00,114.88
86,12.00,1174.00,114.88
87,10.00,1184.00,114.88
88,15.00,1199.00,114.88
89,9.00,1208.00,114.89
90,15.00,1223.00,114.89
91,11.00,1234.00,114.89
92,12.00,1246.00,114.89
93,18.00,1264.00,114.90
94,12.00,1276.00,114.90
95,9.00,1285.00,114.90
96,16.00,1301.00,114.91
97,19.00,1320.00,114.91
98,10.00,1330.00,114.91
99,25.00,1355.00,114.92
100,11.00,1366.00,114.92
101,9.00,1375.00,114.92
102,12.00,1387.00,114.92
103,11.00,1398.00,114.93
104,18.00,1416.00,114.93
105,11.00,1427.00,114.93
106,9.00,1436.00,114.93
107,10.00,1446.00,114.94
108,19.00,1465.00,114.94
109,12.00,1477.00,114.94
110,14.00,1491.00,114.95
111,9.00,1500.00,114.95
112,13.00,1513.00,114.95
113,22.00,1535.00,114.95
114,9.00,1544.00,114.96
115,12.00,1556.00,114.96
116,10.00,1566.00,114.96
117,10.00,1576.00,114.96
118,9.00,1585.00,114.96
119,12.00,1597.00,114.97
120,9.00,1606.00,114.97
121,10.00,1616.00,114.97
122,11.00,1627.00,114.97
123,10.00,1637.00,114.98
124,12.00,1649.00,114.98
125,10.00,1659.00,114.98
126,10.00,1669.00,114.98
127,11.00,1680.00,114.98
128,8.00,1688.00,114.99
129,12.00,1700.00,114.99
130,10.00,1710.00,114.99
131,11.00,1721.00,114.99
132,16.00,1737.00,115.00
133,11.00,1748.00,115.00
134,11.00,1759.00,115.00
135,8.00,1767.00,115.00
136,20.00,1787.00,115.01
137,12.00,1799.00,115.01
138,15.00,1814.00,115.01
139,12.00,1826.00,115.01
140,11.00,1837.00,115.02
141,16.00,1853.00,115.02
142,11.00,1864.00,115.02
143,20.00,1884.00,115.03
144,10.00,1894.00,115.03
145,13.00,1907.00,115.03
146,14.00,1921.00,115.03
147,10.00,1931.00,115.04
148,12.00,1943.00,115.04
149,16.00,1959.00,115.04
150,10.00,1969.00,115.04
151,11.00,1980.00,115.05
152,13.00,1993.00,115.05
153,8.00,2001.00,115.05
154,17.00,2018.00,115.05
155,12.00,2030.00,115.06
156,9.00,2039.00,115.06
157,9.00,2048.00,115.06
158,14.00,2062.00,115.06
159,9.00,2071.00,115.07
160,9.00,2080.00,115.07
161,17.00,2097.00,115.07
162,11.00,2108.00,115.07
163,12.00,2120.00,115.08
164,9.00,2129.00,115.08
165,11.00,2140.00,115.08
166,13.00,2153.00,115.08
167,16.00,2169.00,115.09
168,10.00,2179.00,115.09
169,13.00,2192.00,115.09
170,10.00,2202.00,115.09
171,9.00,2211.00,115.09
172,10.00,2221.00,115.10
173,20.00,2241.00,115.10
174,17.00,2258.00,115.10
175,11.00,2269.00,115.11
176,10.00,2279.00,115.11
177,23.00,2302.00,115.11
178,11.00,2313.00,115.12
179,11.00,2324.00,115.12
180,9.00,2333.00,115.12
181,11.00,2344.00,115.12
182,15.00,2359.00,115.12
183,12.00,2371.00,115.13
184,9.00,2380.00,115.13
185,9.00,2389.00,115.13
186,9.00,2398.00,115.13
187,11.00,2409.00,115.14
188,11.00,2420.00,115.14
189,12.00,2432.00,115.14
190,14.00,2446.00,115.14
191,11.00,2457.00,115.15
192,10.00,2467.00,115.15
193,11.00,2478.00,115.15
194,14.00,2492.00,115.15
195,13.00,2505.00,115.16
196,12.00,2517.00,115.16
197,11.00,2528.00,115.16
198,10.00,2538.00,115.16
199,14.00,2552.00,115.16
200,12.00,2564.00,115.17
201,11.00,2575.00,115.17
202,11.00,2586.00,115.17
203,10.00,2596.00,115.17
204,13.00,2609.00,115.18
205,15.00,2624.00,115.18
206,12.00,2636.00,115.18
207,14.00,2650.00,115.19
208,9.00,2659.00,115.19
209,11.00,2670.00,115.19
210,20.00,2690.00,115.19
211,13.00,2703.00,115.20
212,22.00,2725.00,115.20
213,10.00,2735.00,115.20
214,11.00,2746.00,115.20
215,9.00,2755.00,115.21
216,11.00,2766.00,115.21
217,11.00,2777.00,115.21
218,13.00,2790.00,115.21
219,14.00,2804.00,115.22
220,15.00,2819.00,115.22
221,11.00,2830.00,115.22
222,10.00,2840.00,115.22
223,13.00,2853.00,115.23
224,10.00,2863.00,115.23
225,14.00,2877.00,115.23
226,14.00,2891.00,115.23
227,10.00,2901.00,115.24
228,10.00,2911.00,115.24
229,11.00,2922.00,115.24
230,11.00,2933.00,115.24
231,13.00,2946.00,115.25
232,13.00,2959.00,115.25
233,12.00,2971.00,115.25
234,14.00,2985.00,115.25
235,10.00,2995.00,115.26
236,15.00,3010.00,115.26
237,13.00,3023.00,115.26
238,13.00,3036.00,115.26
239,12.00,3048.00,115.27
240,16.00,3064.00,115.27
241,14.00,3078.00,115.27
242,13.00,3091.00,115.28
243,10.00,3101.00,115.28
244,11.00,3112.00,115.28
245,13.00,3125.00,115.28
246,16.00,3141.00,115.29
247,13.00,3154.00,115.29
248,12.00,3166.00,115.29
249,9.00,3175.00,115.29
250,15.00,3190.00,115.30
251,16.00,3206.00,115.30
252,11.00,3217.00,115.30
253,14.00,3231.00,115.31
254,13.00,3244.00,115.31
255,12.00,3256.00,115.31
256,11.00,3267.00,115.31
257,13.00,3280.00,115.32
258,19.00,3299.00,115.32
259,14.00,3313.00,115.32
260,10.00,3323.00,115.32
261,16.00,3339.00,115.33
262,10.00,3349.00,115.33
263,13.00,3362.00,115.33
264,12.00,3374.00,115.33
265,13.00,3387.00,115.34
266,14.00,3401.00,115.34
267,11.00,3412.00,115.34
268,16.00,3428.00,115.35
269,15.00,3443.00,115.35
270,14.00,3457.00,115.35
271,17.00,3474.00,115.36
272,22.00,3496.00,115.36
273,17.00,3513.00,115.36
274,13.00,3526.00,115.37
275,20.00,3546.00,115.37
276,15.00,3561.00,115.37
277,14.00,3575.00,115.38
278,13.00,3588.00,115.38
279,15.00,3603.00,115.38
280,15.00,3618.00,115.39
281,15.00,3633.00,115.39
282,22.00,3655.00,115.39
283,13.00,3668.00,115.40
284,20.00,3688.00,115.40
285,19.00,3707.00,115.40
286,23.00,3730.00,115.41
287,33.00,3763.00,115.42
288,17.00,3780.00,115.42
289,32.00,3812.00,115.43
290,27.00,3839.00,115.43
291,22.00,3861.00,115.44
292,23.00,3884.00,115.44
293,18.00,3902.00,115.44
294,18.00,3920.00,115.45
295,45.00,3965.00,115.46
296,34.00,3999.00,115.46
297,78.00,4077.00,115.48
298,43.00,4120.00,115.49
299,23.00,4143.00,115.49
300,21.00,4164.00,115.50
301,19.00,4183.00,115.50
302,14.00,4197.00,115.51
303,16.00,4213.00,115.51
304,9.00,4222.00,115.51
305,13.00,4235.00,115.51
306,9.00,4244.00,115.51
307,10.00,4254.00,115.52
308,8.00,4262.00,115.52
309,10.00,4272.00,115.52
310,9.00,4281.00,115.52
311,12.00,4293.00,115.52
312,11.00,4304.00,115.53
313,11.00,4315.00,115.53
314,13.00,4328.00,115.53
315,10.00,4338.00,115.53
316,12.00,4350.00,115.54
317,8.00,4358.00,115.54
318,11.00,4369.00,115.54
319,11.00,4380.00,115.54
320,14.00,4394.00,115.55
321,11.00,4405.00,115.55
322,12.00,4417.00,115.55
323,13.00,4430.00,115.55
324,11.00,4441.00,115.56
325,10.00,4451.00,115.56
326,9.00,4460.00,115.56
327,11.00,4471.00,115.56
328,9.00,4480.00,115.56
329,12.00,4492.00,115.57
330,10.00,4502.00,115.57
331,12.00,4514.00,115.57
332,12.00,4526.00,115.57
333,9.00,4535.00,115.58
334,10.00,4545.00,115.58
335,11.00,4556.00,115.58
336,12.00,4568.00,115.58
337,12.00,4580.00,115.58
338,9.00,4589.00,115.59
339,9.00,4598.00,115.59
340,14.00,4612.00,115.59
341,20.00,4632.00,115.60
342,28.00,4660.00,115.60
343,38.00,4698.00,115.61
344,48.00,4746.00,115.62
345,36.00,4782.00,115.63
346,21.00,4803.00,115.63
347,22.00,4825.00,115.64
348,21.00,4846.00,115.64
349,15.00,4861.00,115.64
350,16.00,4877.00,115.65
351,15.00,4892.00,115.65
352,19.00,4911.00,115.65
353,19.00,4930.00,115.66
354,16.00,4946.00,115.66
355,15.00,4961.00,115.66
356,17.00,4978.00,115.67
357,15.00,4993.00,115.67
358,17.00,5010.00,115.67
359,22.00,5032.00,115.68
360,13.00,5045.00,115.68
361,13.00,5058.00,115.68
362,18.00,5076.00,115.69
363,19.00,5095.00,115.69
364,14.00,5109.00,115.69
365,16.00,5125.00,115.70
366,16.00,5141.00,115.70
367,14.00,5155.00,115.70
368,16.00,5171.00,115.71
369,14.00,5185.00,115.71
370,12.00,5197.00,115.71
371,16.00,5213.00,115.72
372,12.00,5225.00,115.72
373,17.00,5242.00,115.72
374,14.00,5256.00,115.72
375,13.00,5269.00,115.73
376,13.00,5282.00,115.73
377,22.00,5304.00,115.73
378,11.00,5315.00,115.74
379,13.00,5328.00,115.74
380,12.00,5340.00,115.74
381,11.00,5351.00,115.74
382,12.00,5363.00,115.75
383,17.00,5380.00,115.75
384,10.00,5390.00,115.75
385,12.00,5402.00,115.75
386,13.00,5415.00,115.76
387,11.00,5426.00,115.76
388,15.00,5441.00,115.76
389,12.00,5453.00,115.76
390,12.00,5465.00,115.77
391,16.00,5481.00,115.77
392,15.00,5496.00,115.77
393,12.00,5508.00,115.78
394,10.00,5518.00,115.78
395,16.00,5534.00,115.78
396,15.00,5549.00,115.78
397,13.00,5562.00,115.79
398,11.00,5573.00,115.79
399,12.00,5585.00,115.79
400,15.00,5600.00,115.80
401,10.00,5610.00,115.80
402,12.00,5622.00,115.80
403,13.00,5635.00,115.80
404,13.00,5648.00,115.81
405,13.00,5661.00,115.81
406,17.00,5678.00,115.81
407,15.00,5693.00,115.81
408,14.00,5707.00,115.82
409,15.00,5722.00,115.82
410,15.00,5737.00,115.82
411,15.00,5752.00,115.83
412,16.00,5768.00,115.83
413,12.00,5780.00,115.83
414,20.00,5800.00,115.84
415,22.00,5822.00,115.84
416,24.00,5846.00,115.85
417,19.00,5865.00,115.85
418,19.00,5884.00,115.85
419,18.00,5902.00,115.86
420,27.00,5929.00,115.86
421,26.00,5955.00,115.87
422,31.00,5986.00,115.88
423,26.00,6012.00,115.88
424,29.00,6041.00,115.89
425,21.00,6062.00,115.89
426,22.00,6084.00,115.90
427,35.00,6119.00,115.90
428,20.00,6139.00,115.91
429,29.00,6168.00,115.91
430,24.00,6192.00,115.92
431,26.00,6218.00,115.92
432,19.00,6237.00,115.93
433,22.00,6259.00,115.93
434,38.00,6297.00,115.94
435,28.00,6325.00,115.95
436,69.00,6394.00,115.96
437,44.00,6438.00,115.97
438,70.00,6508.00,115.98
439,73.00,6581.00,116.00
440,50.00,6631.00,116.01
441,51.00,6682.00,116.02
442,51.00,6733.00,116.03
443,75.00,6808.00,116.05
444,47.00,6855.00,116.05
445,40.00,6895.00,116.06
446,35.00,6930.00,116.07
447,38.00,6968.00,116.08
448,28.00,6996.00,116.08
449,33.00,7029.00,116.09
450,34.00,7063.00,116.10
451,32.00,7095.00,116.10
452,15.00,7110.00,116.11
453,33.00,7143.00,116.11
454,32.00,7175.00,116.12
455,28.00,7203.00,116.13
456,17.00,7220.00,116.13
457,26.00,7246.00,116.14
458,22.00,7268.00,116.14
459,22.00,7290.00,116.14
460,17.00,7307.00,116.15
461,20.00,7327.00,116.15
462,15.00,7342.00,116.16
463,23.00,7365.00,116.16
464,16.00,7381.00,116.16
465,20.00,7401.00,116.17
466,24.00,7425.00,116.17
467,21.00,7446.00,116.18
468,21.00,7467.00,116.18
469,25.00,7492.00,116.19
470,18.00,7510.00,116.19
471,25.00,7535.00,116.20
472,19.00,7554.00,116.20
473,25.00,7579.00,116.20
474,24.00,7603.00,116.21
475,31.00,7634.00,116.22
476,37.00,7671.00,116.22
477,36.00,7707.00,116.23
478,23.00,7730.00,116.24
479,39.00,7769.00,116.24
480,29.00,7798.00,116.25
481,39.00,7837.00,116.26
482,39.00,7876.00,116.27
483,37.00,7913.00,116.27
484,27.00,7940.00,116.28
485,61.00,8001.00,116.29
486,33.00,8034.00,116.30
487,28.00,8062.00,116.30
488,44.00,8106.00,116.31
489,36.00,8142.00,116.32
490,37.00,8179.00,116.33
491,39.00,8218.00,116.34
492,43.00,8261.00,116.35
493,35.00,8296.00,116.35
494,24.00,8320.00,116.36
495,28.00,8348.00,116.36
496,32.00,8380.00,116.37
497,27.00,8407.00,116.38
498,37.00,8444.00,116.38
499,42.00,8486.00,116.39
500,49.00,8535.00,116.40
501,39.00,8574.00,116.41
502,18.00,8592.00,116.41
503,24.00,8616.00,116.42
504,28.00,8644.00,116.43
505,19.00,8663.00,116.43
506,19.00,8682.00,116.43
507,23.00,8705.00,116.44
508,17.00,8722.00,116.44
509,20.00,8742.00,116.45
510,13.00,8755.00,116.45
511,15.00,8770.00,116.45
512,17.00,8787.00,116.45
513,16.00,8803.00,116.46
514,14.00,8817.00,116.46
515,12.00,8829.00,116.46
516,16.00,8845.00,116.47
517,15.00,8860.00,116.47
518,11.00,8871.00,116.47
519,13.00,8884.00,116.47
520,12.00,8896.00,116.48
521,13.00,8909.00,116.48
522,17.00,8926.00,116.48
523,13.00,8939.00,116.49
524,11.00,8950.00,116.49
525,13.00,8963.00,116.49
526,16.00,8979.00,116.49
527,17.00,8996.00,116.50
528,15.00,9011.00,116.50
529,14.00,9025.00,116.50
530,15.00,9040.00,116.51
531,15.00,9055.00,116.51
532,12.00,9067.00,116.51
533,19.00,9086.00,116.52
534,17.00,9103.00,116.52
535,25.00,9128.00,116.53
536,23.00,9151.00,116.53
537,31.00,9182.00,116.54
538,63.00,9245.00,116.55
539,88.00,9333.00,116.57
540,171.00,9504.00,116.60
541,83.00,9587.00,116.62
542,55.00,9642.00,116.63
543,123.00,9765.00,116.66
544,14.00,9779.00,116.66
545,20.00,9799.00,116.66
546,17.00,9816.00,116.67
547,20.00,9836.00,116.67
548,20.00,9856.00,116.68
549,90.00,9946.00,116.69
550,204.00,10150.00,116.74
551,55.00,10205.00,116.75
552,48.00,10253.00,116.76
553,36.00,10289.00,116.77
554,37.00,10326.00,116.77
555,40.00,10366.00,116.78
556,31.00,10397.00,116.79
557,29.00,10426.00,116.79
558,22.00,10448.00,116.80
559,13.00,10461.00,116.80
560,25.00,10486.00,116.81
561,20.00,10506.00,116.81
562,20.00,10526.00,116.81
563,18.00,10544.00,116.82
564,16.00,10560.00,116.82
565,18.00,10578.00,116.83
566,16.00,10594.00,116.83
567,18.00,10612.00,116.83
568,17.00,10629.00,116.84
569,13.00,10642.00,116.84
570,12.00,10654.00,116.84
571,12.00,10666.00,116.84
572,13.00,10679.00,116.85
573,13.00,10692.00,116.85
574,16.00,10708.00,116.85
575,13.00,10721.00,116.85
576,13.00,10734.00,116.86
577,12.00,10746.00,116.86
578,14.00,10760.00,116.86
579,13.00,10773.00,116.87
580,15.00,10788.00,116.87
581,15.00,10803.00,116.87
582,17.00,10820.00,116.88
583,20.00,10840.00,116.88
584,24.00,10864.00,116.88
585,33.00,10897.00,116.89
586,73.00,10970.00,116.91
587,148.00,11118.00,116.94
588,115.00,11233.00,116.96
589,67.00,11300.00,116.97
590,61.00,11361.00,116.99
591,61.00,11422.00,117.00
592,108.00,11530.00,117.02
593,101.00,11631.00,117.04
594,63.00,11694.00,117.06
595,61.00,11755.00,117.07
596,64.00,11819.00,117.08
597,68.00,11887.00,117.10
598,80.00,11967.00,117.11
599,153.00,12120.00,117.14
600,151.00,12271.00,117.18
601,58.00,12329.00,117.19
602,123.00,12452.00,117.21
603,137.00,12589.00,117.24
604,29.00,12618.00,117.25
605,170.00,12788.00,117.28
606,148.00,12936.00,117.31
607,134.00,13070.00,117.34
608,140.00,13210.00,117.37
609,113.00,13323.00,117.39
610,111.00,13434.00,117.42
611,20.00,13454.00,117.42
612,100.00,13554.00,117.44
613,116.00,13670.00,117.46
614,114.00,13784.00,117.49
615,112.00,13896.00,117.51
616,57.00,13953.00,117.52
617,142.00,14095.00,117.55
618,127.00,14222.00,117.58
619,103.00,14325.00,117.60
620,110.00,14435.00,117.62
621,98.00,14533.00,117.64
622,100.00,14633.00,117.66
623,113.00,14746.00,117.69
624,95.00,14841.00,117.71
625,32.00,14873.00,117.71
626,32.00,14905.00,117.72
627,32.00,14937.00,117.73
628,96.00,15033.00,117.75
629,107.00,15140.00,117.77
630,33.00,15173.00,117.78
631,104.00,15277.00,117.80
632,125.00,15402.00,117.82
633,88.00,15490.00,117.84
634,144.00,15634.00,117.87
635,104.00,15738.00,117.89
636,63.00,15801.00,117.91
637,145.00,15946.00,117.94
638,47.00,15993.00,117.95
639,41.00,16034.00,117.95
640,26.00,16060.00,117.96
641,53.00,16113.00,117.97
642,28.00,16141.00,117.98
643,64.00,16205.00,117.99
644,32.00,16237.00,118.00
645,33.00,16270.00,118.00
646,31.00,16301.00,118.01
647,288.00,16589.00,118.07
648,28.00,16617.00,118.07
649,23.00,16640.00,118.08
650,20.00,16660.00,118.08
651,23.00,16683.00,118.09
652,30.00,16713.00,118.09
653,16.00,16729.00,118.10
654,20.00,16749.00,118.10
655,16.00,16765.00,118.11
656,26.00,16791.00,118.11
657,91.00,16882.00,118.13
658,31.00,16913.00,118.14
659,105.00,17018.00,118.16
660,113.00,17131.00,118.18
661,121.00,17252.00,118.21
662,347.00,17599.00,118.28
663,74.00,17673.00,118.29
664,43.00,17716.00,118.30
665,74.00,17790.00,118.32
666,85.00,17875.00,118.33
667,55.00,17930.00,118.35
668,99.00,18029.00,118.37
669,133.00,18162.00,118.39
670,232.00,18394.00,118.44
671,192.00,18586.00,118.48
672,172.00,18758.00,118.52
673,202.00,18960.00,118.56
674,225.00,19185.00,118.61
675,180.00,19365.00,118.64
676,81.00,19446.00,118.66
677,92.00,19538.00,118.68
678,70.00,19608.00,118.69
679,133.00,19741.00,118.72
680,188.00,19929.00,118.76
681,323.00,20252.00,118.83
682,230.00,20482.00,118.87
683,242.00,20724.00,118.92
684,309.00,21033.00,118.99
685,226.00,21259.00,119.03
686,292.00,21551.00,119.10
687,263.00,21814.00,119.15
688,188.00,22002.00,119.19
689,273.00,22275.00,119.25
690,412.00,22687.00,119.33
691,283.00,22970.00,119.39
692,297.00,23267.00,119.45
693,164.00,23431.00,119.48
694,210.00,23641.00,119.53
695,207.00,23848.00,119.57
696,200.00,24048.00,119.61
697,154.00,24202.00,119.64
698,168.00,24370.00,119.68
699,176.00,24546.00,119.71
700,139.00,24685.00,119.74
701,136.00,24821.00,119.77
702,127.00,24948.00,119.80
703,23.00,24971.00,119.80
704,102.00,25073.00,119.82
705,17.00,25090.00,119.83
706,17.00,25107.00,119.83
707,13.00,25120.00,119.83
708,11.00,25131.00,119.84
709,19.00,25150.00,119.84
710,12.00,25162.00,119.84
711,13.00,25175.00,119.85
712,13.00,25188.00,119.85
713,13.00,25201.00,119.85
714,16.00,25217.00,119.85
715,10.00,25227.00,119.86
716,122.00,25349.00,119.88
717,167.00,25516.00,119.92
718,210.00,25726.00,119.96
719,22.00,25748.00,119.96
720,31.00,25779.00,119.97
721,26.00,25805.00,119.98
722,24.00,25829.00,119.98
723,22.00,25851.00,119.98
724,23.00,25874.00,119.99
725,20.00,25894.00,119.99
726,22.00,25916.00,120.00
727,19.00,25935.00,120.00
728,24.00,25959.00,120.01
729,15.00,25974.00,120.01
730,25.00,25999.00,120.02
731,23.00,26022.00,120.02
732,27.00,26049.00,120.03
733,30.00,26079.00,120.03
734,110.00,26189.00,120.05
735,105.00,26294.00,120.08
736,131.00,26425.00,120.10
737,151.00,26576.00,120.13
738,276.00,26852.00,120.19
739,280.00,27132.00,120.25
740,260.00,27392.00,120.30
741,169.00,27561.00,120.34
742,183.00,27744.00,120.38
743,156.00,27900.00,120.41
744,132.00,28032.00,120.44
745,152.00,28184.00,120.47
746,182.00,28366.00,120.51
747,149.00,28515.00,120.54
748,122.00,28637.00,120.56
749,210.00,28847.00,120.60
750,136.00,28983.00,120.63
751,116.00,29099.00,120.66
752,137.00,29236.00,120.69
753,143.00,29379.00,120.71
754,107.00,29486.00,120.74
755,102.00,29588.00,120.76
756,110.00,29698.00,120.78
757,111.00,29809.00,120.80
758,123.00,29932.00,120.83
759,326.00,30258.00,120.90
760,265.00,30523.00,120.95
761,136.00,30659.00,120.98
762,203.00,30862.00,121.02
763,264.00,31126.00,121.08
764,371.00,31497.00,121.15
765,361.00,31858.00,121.23
766,143.00,32001.00,121.26
767,288.00,32289.00,121.32
768,151.00,32440.00,121.35
769,155.00,32595.00,121.38
770,134.00,32729.00,121.41
771,172.00,32901.00,121.44
772,199.00,33100.00,121.48
773,217.00,33317.00,121.53
774,328.00,33645.00,121.60
775,368.00,34013.00,121.67
776,338.00,34351.00,121.74
777,225.00,34576.00,121.79
778,285.00,34861.00,121.85
779,249.00,35110.00,121.90
780,500.00,35610.00,122.00
781,206.00,35816.00,122.05
782,165.00,35981.00,122.08
783,243.00,36224.00,122.13
784,193.00,36417.00,122.17
785,150.00,36567.00,122.20
786,151.00,36718.00,122.23
787,140.00,36858.00,122.26
788,156.00,37014.00,122.29
789,151.00,37165.00,122.33
790,138.00,37303.00,122.35
791,153.00,37456.00,122.39
792,126.00,37582.00,122.41
793,120.00,37702.00,122.44
794,133.00,37835.00,122.46
795,139.00,37974.00,122.49
796,99.00,38073.00,122.51
797,164.00,38237.00,122.55
798,229.00,38466.00,122.59
799,124.00,38590.00,122.62
800,135.00,38725.00,122.65
801,194.00,38919.00,122.69
802,224.00,39143.00,122.73
803,165.00,39308.00,122.77
804,265.00,39573.00,122.82
805,500.00,40073.00,122.93
806,120.00,40193.00,122.95
807,500.00,40693.00,123.06
808,500.00,41193.00,123.16
809,500.00,41693.00,123.26
810,99.00,41792.00,123.28
811,74.00,41866.00,123.30
812,76.00,41942.00,123.31
813,79.00,42021.00,123.33
814,64.00,42085.00,123.34
815,19.00,42104.00,123.35
816,25.00,42129.00,123.35
817,15.00,42144.00,123.36
818,14.00,42158.00,123.36
819,14.00,42172.00,123.36
820,13.00,42185.00,123.36
821,11.00,42196.00,123.37
822,11.00,42207.00,123.37
823,10.00,42217.00,123.37
824,13.00,42230.00,123.37
825,12.00,42242.00,123.38
826,12.00,42254.00,123.38
827,10.00,42264.00,123.38
828,9.00,42273.00,123.38
829,11.00,42284.00,123.38
830,9.00,42293.00,123.39
831,10.00,42303.00,123.39
832,11.00,42314.00,123.39
833,14.00,42328.00,123.39
834,10.00,42338.00,123.40
835,11.00,42349.00,123.40
836,16.00,42365.00,123.40
837,12.00,42377.00,123.40
838,19.00,42396.00,123.41
839,24.00,42420.00,123.41
840,93.00,42513.00,123.43
841,147.00,42660.00,123.46
842,16.00,42676.00,123.47
843,12.00,42688.00,123.47
844,15.00,42703.00,123.47
845,14.00,42717.00,123.47
846,15.00,42732.00,123.48
847,12.00,42744.00,123.48
848,13.00,42757.00,123.48
849,12.00,42769.00,123.48
850,10.00,42779.00,123.49
851,10.00,42789.00,123.49
852,11.00,42800.00,123.49
853,9.00,42809.00,123.49
854,12.00,42821.00,123.50
855,10.00,42831.00,123.50
856,10.00,42841.00,123.50
857,11.00,42852.00,123.50
858,13.00,42865.00,123.50
859,11.00,42876.00,123.51
860,12.00,42888.00,123.51
861,9.00,42897.00,123.51
862,11.00,42908.00,123.51
863,11.00,42919.00,123.52
864,13.00,42932.00,123.52
865,15.00,42947.00,123.52
866,12.00,42959.00,123.52
867,13.00,42972.00,123.53
868,15.00,42987.00,123.53
869,29.00,43016.00,123.54
870,20.00,43036.00,123.54
871,105.00,43141.00,123.56
872,215.00,43356.00,123.61
873,114.00,43470.00,123.63
874,104.00,43574.00,123.65
875,97.00,43671.00,123.67
876,60.00,43731.00,123.68
877,59.00,43790.00,123.70
878,55.00,43845.00,123.71
879,60.00,43905.00,123.72
880,60.00,43965.00,123.73
881,60.00,44025.00,123.74
882,78.00,44103.00,123.76
883,84.00,44187.00,123.78
884,195.00,44382.00,123.82
885,500.00,44882.00,123.92
886,97.00,44979.00,123.94
887,81.00,45060.00,123.96
888,78.00,45138.00,123.98
889,74.00,45212.00,123.99
890,115.00,45327.00,124.01
891,160.00,45487.00,124.05
892,74.00,45561.00,124.06
893,78.00,45639.00,124.08
894,90.00,45729.00,124.10
895,156.00,45885.00,124.13
896,166.00,46051.00,124.16
897,61.00,46112.00,124.18
898,500.00,46612.00,124.28
899,58.00,46670.00,124.29
900,54.00,46724.00,124.30
901,57.00,46781.00,124.31
902,500.00,47281.00,124.42
903,50.00,47331.00,124.43
904,28.00,47359.00,124.43
905,30.00,47389.00,124.44
906,34.00,47423.00,124.45
907,27.00,47450.00,124.45
908,38.00,47488.00,124.46
909,39.00,47527.00,124.47
910,27.00,47554.00,124.47
911,28.00,47582.00,124.48
912,34.00,47616.00,124.49
913,35.00,47651.00,124.49
914,80.00,47731.00,124.51
915,191.00,47922.00,124.55
916,78.00,48000.00,124.57
917,41.00,48041.00,124.58
918,44.00,48085.00,124.58
919,39.00,48124.00,124.59
920,54.00,48178.00,124.60
921,38.00,48216.00,124.61
922,71.00,48287.00,124.63
923,44.00,48331.00,124.64
924,56.00,48387.00,124.65
925,74.00,48461.00,124.66
926,178.00,48639.00,124.70
927,57.00,48696.00,124.71
928,49.00,48745.00,124.72
929,500.00,49245.00,124.82
930,55.00,49300.00,124.84
931,50.00,49350.00,124.85
932,183.00,49533.00,124.88
933,34.00,49567.00,124.89
934,41.00,49608.00,124.90
935,77.00,49685.00,124.92
936,311.00,49996.00,124.98
937,153.00,50149.00,125.01
938,500.00,50649.00,125.12
939,500.00,51149.00,125.22
940,98.00,51247.00,125.24
941,84.00,51331.00,125.26
942,176.00,51507.00,125.29
943,168.00,51675.00,125.33
944,92.00,51767.00,125.35
945,500.00,52267.00,125.45
946,500.00,52767.00,125.55
947,500.00,53267.00,125.66
948,82.00,53349.00,125.67
949,89.00,53438.00,125.69
950,70.00,53508.00,125.71
951,95.00,53603.00,125.73
952,17.00,53620.00,125.73
953,16.00,53636.00,125.73
954,23.00,53659.00,125.74
955,15.00,53674.00,125.74
956,15.00,53689.00,125.74
957,15.00,53704.00,125.75
958,11.00,53715.00,125.75
959,16.00,53731.00,125.75
960,16.00,53747.00,125.76
961,17.00,53764.00,125.76
962,14.00,53778.00,125.76
963,14.00,53792.00,125.77
964,17.00,53809.00,125.77
965,14.00,53823.00,125.77
966,22.00,53845.00,125.78
967,13.00,53858.00,125.78
968,23.00,53881.00,125.78
969,19.00,53900.00,125.79
970,17.00,53917.00,125.79
971,19.00,53936.00,125.80
972,20.00,53956.00,125.80
973,23.00,53979.00,125.80
974,36.00,54015.00,125.81
975,26.00,54041.00,125.82
976,82.00,54123.00,125.83
977,79.00,54202.00,125.85
978,82.00,54284.00,125.87
979,84.00,54368.00,125.88
980,77.00,54445.00,125.90
981,73.00,54518.00,125.92
982,78.00,54596.00,125.93
983,447.00,55043.00,126.02
984,16.00,55059.00,126.03
985,19.00,55078.00,126.03
986,19.00,55097.00,126.04
987,20.00,55117.00,126.04
988,16.00,55133.00,126.04
989,20.00,55153.00,126.05
990,14.00,55167.00,126.05
991,15.00,55182.00,126.05
992,15.00,55197.00,126.06
993,14.00,55211.00,126.06
994,13.00,55224.00,126.06
995,18.00,55242.00,126.07
996,16.00,55258.00,126.07
997,16.00,55274.00,126.07
998,16.00,55290.00,126.08
999,15.00,55305.00,126.08
1000,18.00,55323.00,126.08
1001,19.00,55342.00,126.09
1002,16.00,55358.00,126.09
1003,14.00,55372.00,126.09
1004,20.00,55392.00,126.10
1005,18.00,55410.00,126.10
1006,15.00,55425.00,126.10
1007,14.00,55439.00,126.11
1008,16.00,55455.00,126.11
1009,18.00,55473.00,126.11
1010,17.00,55490.00,126.12
1011,18.00,55508.00,126.12
1012,14.00,55522.00,126.12
1013,14.00,55536.00,126.13
1014,17.00,55553.00,126.13
1015,22.00,55575.00,126.13
1016,22.00,55597.00,126.14
1017,27.00,55624.00,126.14
1018,27.00,55651.00,126.15
1019,27.00,55678.00,126.16
1020,25.00,55703.00,126.16
1021,42.00,55745.00,126.17
1022,99.00,55844.00,126.19
1023,500.00,56344.00,126.29
1024,500.00,56844.00,126.40
1025,189.00,57033.00,126.44
1026,500.00,57533.00,126.54
1027,182.00,57715.00,126.58
1028,340.00,58055.00,126.65
1029,425.00,58480.00,126.74
1030,500.00,58980.00,126.84
1031,148.00,59128.00,126.87
1032,185.00,59313.00,126.91
1033,500.00,59813.00,127.01
1034,500.00,60313.00,127.11
1035,408.00,60721.00,127.20
1036,355.00,61076.00,127.27
1037,199.00,61275.00,127.31
1038,169.00,61444.00,127.35
1039,169.00,61613.00,127.38
1040,151.00,61764.00,127.41
1041,159.00,61923.00,127.45
1042,120.00,62043.00,127.47
1043,120.00,62163.00,127.50
1044,46.00,62209.00,127.51
1045,108.00,62317.00,127.53
1046,116.00,62433.00,127.55
1047,118.00,62551.00,127.58
1048,113.00,62664.00,127.60
1049,91.00,62755.00,127.62
1050,39.00,62794.00,127.63
1051,44.00,62838.00,127.64
1052,27.00,62865.00,127.64
1053,32.00,62897.00,127.65
1054,50.00,62947.00,127.66
1055,25.00,62972.00,127.66
1056,25.00,62997.00,127.67
1057,29.00,63026.00,127.68
1058,32.00,63058.00,127.68
1059,24.00,63082.00,127.69
1060,18.00,63100.00,127.69
1061,20.00,63120.00,127.70
1062,15.00,63135.00,127.70
1063,37.00,63172.00,127.71
1064,32.00,63204.00,127.71
1065,29.00,63233.00,127.72
1066,35.00,63268.00,127.73
1067,28.00,63296.00,127.73
1068,23.00,63319.00,127.74
1069,41.00,63360.00,127.74
1070,97.00,63457.00,127.76
1071,109.00,63566.00,127.79
1072,101.00,63667.00,127.81
1073,107.00,63774.00,127.83
1074,127.00,63901.00,127.86
1075,163.00,64064.00,127.89
1076,313.00,64377.00,127.96
1077,144.00,64521.00,127.98
1078,132.00,64653.00,128.01
1079,132.00,64785.00,128.04
1080,155.00,64940.00,128.07
1081,127.00,65067.00,128.10
1082,143.00,65210.00,128.13
1083,124.00,65334.00,128.15
1084,115.00,65449.00,128.18
1085,118.00,65567.00,128.20
1086,88.00,65655.00,128.22
1087,99.00,65754.00,128.24
1088,96.00,65850.00,128.26
1089,90.00,65940.00,128.28
1090,68.00,66008.00,128.29
1091,82.00,66090.00,128.31
1092,53.00,66143.00,128.32
1093,71.00,66214.00,128.34
1094,59.00,66273.00,128.35
1095,64.00,66337.00,128.36
1096,62.00,66399.00,128.37
1097,64.00,66463.00,128.39
1098,66.00,66529.00,128.40
1099,79.00,66608.00,128.42
1100,80.00,66688.00,128.43
1101,90.00,66778.00,128.45
1102,82.00,66860.00,128.47
1103,64.00,66924.00,128.48
1104,73.00,66997.00,128.50
1105,121.00,67118.00,128.52
1106,60.00,67178.00,128.53
1107,75.00,67253.00,128.55
1108,74.00,67327.00,128.57
1109,75.00,67402.00,128.58
1110,63.00,67465.00,128.59
1111,67.00,67532.00,128.61
1112,81.00,67613.00,128.62
1113,75.00,67688.00,128.64
1114,150.00,67838.00,128.67
1115,117.00,67955.00,128.70
1116,241.00,68196.00,128.75
1117,238.00,68434.00,128.79
1118,80.00,68514.00,128.81
1119,95.00,68609.00,128.83
1120,177.00,68786.00,128.87
1121,134.00,68920.00,128.90
1122,168.00,69088.00,128.93
1123,177.00,69265.00,128.97
1124,500.00,69765.00,129.07
1125,500.00,70265.00,129.17
1126,500.00,70765.00,129.28
1127,252.00,71017.00,129.33
1128,349.00,71366.00,129.40
1129,141.00,71507.00,129.43
1130,318.00,71825.00,129.50
1131,448.00,72273.00,129.59
1132,413.00,72686.00,129.67
1133,473.00,73159.00,129.77
1134,257.00,73416.00,129.83
1135,267.00,73683.00,129.88
1136,111.00,73794.00,129.90
1137,162.00,73956.00,129.94
1138,75.00,74031.00,129.95
1139,74.00,74105.00,129.97
1140,84.00,74189.00,129.99
1141,66.00,74255.00,130.00
1142,56.00,74311.00,130.01
1143,58.00,74369.00,130.02
1144,52.00,74421.00,130.03
1145,55.00,74476.00,130.04
1146,69.00,74545.00,130.06
1147,47.00,74592.00,130.07
1148,53.00,74645.00,130.08
1149,40.00,74685.00,130.09
1150,51.00,74736.00,130.10
1151,45.00,74781.00,130.11
1152,41.00,74822.00,130.12
1153,41.00,74863.00,130.12
1154,53.00,74916.00,130.14
1155,65.00,74981.00,130.15
1156,62.00,75043.00,130.16
1157,84.00,75127.00,130.18
1158,74.00,75201.00,130.19
1159,90.00,75291.00,130.21
1160,92.00,75383.00,130.23
1161,98.00,75481.00,130.25
1162,131.00,75612.00,130.28
1163,160.00,75772.00,130.31
1164,135.00,75907.00,130.34
1165,135.00,76042.00,130.37
1166,80.00,76122.00,130.39
1167,49.00,76171.00,130.40
1168,36.00,76207.00,130.40
1169,20.00,76227.00,130.41
1170,28.00,76255.00,130.41
1171,31.00,76286.00,130.42
1172,13.00,76299.00,130.42
1173,15.00,76314.00,130.42
1174,11.00,76325.00,130.43
1175,13.00,76338.00,130.43
1176,15.00,76353.00,130.43
1177,20.00,76373.00,130.44
1178,34.00,76407.00,130.44
1179,103.00,76510.00,130.47
1180,173.00,76683.00,130.50
1181,57.00,76740.00,130.51
1182,37.00,76777.00,130.52
1183,36.00,76813.00,130.53
1184,63.00,76876.00,130.54
1185,38.00,76914.00,130.55
1186,31.00,76945.00,130.56
1187,40.00,76985.00,130.56
1188,34.00,77019.00,130.57
1189,39.00,77058.00,130.58
1190,32.00,77090.00,130.59
1191,42.00,77132.00,130.59
1192,30.00,77162.00,130.60
1193,41.00,77203.00,130.61
1194,32.00,77235.00,130.62
1195,33.00,77268.00,130.62
1196,37.00,77305.00,130.63
1197,40.00,77345.00,130.64
1198,37.00,77382.00,130.65
1199,38.00,77420.00,130.65
1200,29.00,77449.00,130.66
1201,37.00,77486.00,130.67
1202,33.00,77519.00,130.67
1203,45.00,77564.00,130.68
1204,48.00,77612.00,130.69
1205,29.00,77641.00,130.70
1206,33.00,77674.00,130.71
1207,59.00,77733.00,130.72
1208,45.00,77778.00,130.73
1209,62.00,77840.00,130.74
1210,73.00,77913.00,130.76
1211,58.00,77971.00,130.77
1212,59.00,78030.00,130.78
1213,94.00,78124.00,130.80
1214,89.00,78213.00,130.82
1215,84.00,78297.00,130.83
1216,130.00,78427.00,130.86
1217,122.00,78549.00,130.89
1218,220.00,78769.00,130.93
1219,127.00,78896.00,130.96
1220,364.00,79260.00,131.03
1221,80.00,79340.00,131.05
1222,70.00,79410.00,131.07
1223,65.00,79475.00,131.08
1224,58.00,79533.00,131.09
1225,64.00,79597.00,131.10
1226,69.00,79666.00,131.12
1227,53.00,79719.00,131.13
1228,59.00,79778.00,131.14
1229,64.00,79842.00,131.15
1230,61.00,79903.00,131.17
1231,92.00,79995.00,131.19
1232,56.00,80051.00,131.20
1233,50.00,80101.00,131.21
1234,84.00,80185.00,131.23
1235,48.00,80233.00,131.24
1236,55.00,80288.00,131.25
1237,145.00,80433.00,131.28
1238,364.00,80797.00,131.35
1239,53.00,80850.00,131.36
1240,71.00,80921.00,131.38
1241,95.00,81016.00,131.40
1242,64.00,81080.00,131.41
1243,464.00,81544.00,131.51
1244,227.00,81771.00,131.55
1245,67.00,81838.00,131.57
1246,500.00,82338.00,131.67
1247,397.00,82735.00,131.75
1248,500.00,83235.00,131.86
1249,500.00,83735.00,131.96
1250,413.00,84148.00,132.05
1251,345.00,84493.00,132.12
1252,301.00,84794.00,132.18
1253,229.00,85023.00,132.23
1254,10.00,85033.00,132.23
1255,12.00,85045.00,132.23
1256,16.00,85061.00,132.23
1257,13.00,85074.00,132.24
1258,13.00,85087.00,132.24
1259,13.00,85100.00,132.24
1260,15.00,85115.00,132.25
1261,11.00,85126.00,132.25
1262,211.00,85337.00,132.29
1263,326.00,85663.00,132.36
1264,500.00,86163.00,132.46
1265,78.00,86241.00,132.48
1266,77.00,86318.00,132.49
1267,47.00,86365.00,132.50
1268,61.00,86426.00,132.52
1269,48.00,86474.00,132.53
1270,51.00,86525.00,132.54
1271,49.00,86574.00,132.55
1272,62.00,86636.00,132.56
1273,500.00,87136.00,132.66
1274,500.00,87636.00,132.77
1275,500.00,88136.00,132.87
1276,500.00,88636.00,132.97
1277,500.00,89136.00,133.08
1278,500.00,89636.00,133.18
1279,482.00,90118.00,133.28
1280,273.00,90391.00,133.34
1281,24.00,90415.00,133.34
1282,192.00,90607.00,133.38
1283,15.00,90622.00,133.38
1284,14.00,90636.00,133.39
1285,16.00,90652.00,133.39
1286,16.00,90668.00,133.39
1287,13.00,90681.00,133.40
1288,12.00,90693.00,133.40
1289,11.00,90704.00,133.40
1290,14.00,90718.00,133.40
1291,13.00,90731.00,133.41
1292,16.00,90747.00,133.41
1293,15.00,90762.00,133.41
1294,274.00,91036.00,133.47
1295,500.00,91536.00,133.57
1296,84.00,91620.00,133.59
1297,106.00,91726.00,133.61
1298,96.00,91822.00,133.63
1299,102.00,91924.00,133.65
1300,107.00,92031.00,133.68
1301,130.00,92161.00,133.70
1302,500.00,92661.00,133.81
1303,500.00,93161.00,133.91
1304,500.00,93661.00,134.01
1305,500.00,94161.00,134.12
1306,500.00,94661.00,134.22
1307,500.00,95161.00,134.32
1308,500.00,95661.00,134.43
1309,500.00,96161.00,134.53
1310,500.00,96661.00,134.63
1311,500.00,97161.00,134.74
1312,500.00,97661.00,134.84
1313,500.00,98161.00,134.94
1314,500.00,98661.00,135.05
1315,500.00,99161.00,135.15
1316,500.00,99661.00,135.25
1317,500.00,100161.00,135.36
1318,434.00,100595.00,135.45
1319,314.00,100909.00,135.51
1320,285.00,101194.00,135.57
1321,250.00,101444.00,135.62
1322,193.00,101637.00,135.66
1323,156.00,101793.00,135.70
1324,13.00,101806.00,135.70
1325,11.00,101817.00,135.70
1326,13.00,101830.00,135.70
1327,12.00,101842.00,135.71
1328,11.00,101853.00,135.71
1329,9.00,101862.00,135.71
1330,12.00,101874.00,135.71
1331,11.00,101885.00,135.71
1332,11.00,101896.00,135.72
1333,11.00,101907.00,135.72
1334,10.00,101917.00,135.72
1335,11.00,101928.00,135.72
1336,10.00,101938.00,135.73
1337,13.00,101951.00,135.73
1338,11.00,101962.00,135.73
1339,16.00,101978.00,135.73
1340,500.00,102478.00,135.84
1341,232.00,102710.00,135.89
1342,10.00,102720.00,135.89
1343,9.00,102729.00,135.89
1344,10.00,102739.00,135.89
1345,10.00,102749.00,135.89
1346,9.00,102758.00,135.90
1347,10.00,102768.00,135.90
1348,9.00,102777.00,135.90
1349,11.00,102788.00,135.90
1350,10.00,102798.00,135.90
1351,10.00,102808.00,135.91
1352,10.00,102818.00,135.91
1353,9.00,102827.00,135.91
1354,10.00,102837.00,135.91
1355,10.00,102847.00,135.91
1356,10.00,102857.00,135.92
1357,10.00,102867.00,135.92
1358,12.00,102879.00,135.92
1359,10.00,102889.00,135.92
1360,11.00,102900.00,135.92
1361,12.00,102912.00,135.93
1362,11.00,102923.00,135.93
1363,500.00,103423.00,136.03
1364,168.00,103591.00,136.07
1365,159.00,103750.00,136.10
1366,191.00,103941.00,136.14
1367,279.00,104220.00,136.20
1368,298.00,104518.00,136.26
1369,334.00,104852.00,136.33
1370,306.00,105158.00,136.39
1371,276.00,105434.00,136.45
1372,232.00,105666.00,136.50
1373,216.00,105882.00,136.54
1374,202.00,106084.00,136.58
1375,206.00,106290.00,136.63
1376,171.00,106461.00,136.66
1377,153.00,106614.00,136.69
1378,133.00,106747.00,136.72
1379,125.00,106872.00,136.75
1380,21.00,106893.00,136.75
1381,103.00,106996.00,136.77
1382,14.00,107010.00,136.78
1383,19.00,107029.00,136.78
1384,24.00,107053.00,136.78
1385,22.00,107075.00,136.79
1386,18.00,107093.00,136.79
1387,22.00,107115.00,136.80
1388,95.00,107210.00,136.82
1389,117.00,107327.00,136.84
1390,120.00,107447.00,136.87
1391,134.00,107581.00,136.89
1392,129.00,107710.00,136.92
1393,138.00,107848.00,136.95
1394,148.00,107996.00,136.98
1395,133.00,108129.00,137.01
1396,132.00,108261.00,137.03
1397,117.00,108378.00,137.06
1398,90.00,108468.00,137.08
1399,81.00,108549.00,137.09
1400,114.00,108663.00,137.12
1401,86.00,108749.00,137.13
1402,115.00,108864.00,137.16
1403,93.00,108957.00,137.18
1404,110.00,109067.00,137.20
1405,138.00,109205.00,137.23
1406,115.00,109320.00,137.25
1407,167.00,109487.00,137.29
1408,85.00,109572.00,137.31
1409,80.00,109652.00,137.32
1410,95.00,109747.00,137.34
1411,90.00,109837.00,137.36
1412,132.00,109969.00,137.39
1413,138.00,110107.00,137.42
1414,191.00,110298.00,137.46
1415,87.00,110385.00,137.47
1416,103.00,110488.00,137.49
1417,130.00,110618.00,137.52
1418,111.00,110729.00,137.54
1419,75.00,110804.00,137.56
1420,93.00,110897.00,137.58
1421,89.00,110986.00,137.60
1422,111.00,111097.00,137.62
1423,80.00,111177.00,137.64
1424,101.00,111278.00,137.66
1425,98.00,111376.00,137.68
1426,159.00,111535.00,137.71
1427,77.00,111612.00,137.73
1428,76.00,111688.00,137.74
1429,70.00,111758.00,137.76
1430,132.00,111890.00,137.78
1431,95.00,111985.00,137.80
1432,88.00,112073.00,137.82
1433,133.00,112206.00,137.85
1434,93.00,112299.00,137.87
1435,91.00,112390.00,137.89
1436,144.00,112534.00,137.92
1437,116.00,112650.00,137.94
1438,100.00,112750.00,137.96
1439,109.00,112859.00,137.99
1440,105.00,112964.00,138.01
1441,84.00,113048.00,138.02
1442,120.00,113168.00,138.05
1443,109.00,113277.00,138.07
1444,132.00,113409.00,138.10
1445,94.00,113503.00,138.12
1446,85.00,113588.00,138.14
1447,94.00,113682.00,138.16
1448,98.00,113780.00,138.18
1449,128.00,113908.00,138.20
1450,86.00,113994.00,138.22
1451,102.00,114096.00,138.24
1452,89.00,114185.00,138.26
1453,96.00,114281.00,138.28
1454,147.00,114428.00,138.31
1455,67.00,114495.00,138.32
1456,111.00,114606.00,138.35
1457,88.00,114694.00,138.36
1458,68.00,114762.00,138.38
1459,116.00,114878.00,138.40
1460,122.00,115000.00,138.43
1461,78.00,115078.00,138.44
1462,126.00,115204.00,138.47
1463,85.00,115289.00,138.49
1464,93.00,115382.00,138.51
1465,103.00,115485.00,138.53
1466,120.00,115605.00,138.55
1467,107.00,115712.00,138.58
1468,124.00,115836.00,138.60
1469,92.00,115928.00,138.62
1470,101.00,116029.00,138.64
1471,114.00,116143.00,138.66
1472,107.00,116250.00,138.69
1473,103.00,116353.00,138.71
1474,95.00,116448.00,138.73
1475,100.00,116548.00,138.75
1476,153.00,116701.00,138.78
1477,94.00,116795.00,138.80
1478,97.00,116892.00,138.82
1479,232.00,117124.00,138.87
1480,282.00,117406.00,138.93
1481,133.00,117539.00,138.95
1482,185.00,117724.00,138.99
1483,197.00,117921.00,139.03
1484,106.00,118027.00,139.05
1485,339.00,118366.00,139.12
1486,108.00,118474.00,139.15
1487,208.00,118682.00,139.19
1488,148.00,118830.00,139.22
1489,500.00,119330.00,139.32
1490,415.00,119745.00,139.41
1491,500.00,120245.00,139.51
1492,500.00,120745.00,139.62
1493,211.00,120956.00,139.66
1494,500.00,121456.00,139.76
1495,500.00,121956.00,139.87
1496,500.00,122456.00,139.97
1497,500.00,122956.00,140.07
1498,500.00,123456.00,140.18
1499,224.00,123680.00,140.22
1500,102.00,123782.00,140.24
1501,116.00,123898.00,140.27
1502,81.00,123979.00,140.29
1503,120.00,124099.00,140.31
1504,500.00,124599.00,140.41
1505,500.00,125099.00,140.52
1506,493.00,125592.00,140.62
1507,500.00,126092.00,140.72
1508,500.00,126592.00,140.83
1509,500.00,127092.00,140.93
1510,500.00,127592.00,141.03
1511,500.00,128092.00,141.14
1512,500.00,128592.00,141.24
1513,500.00,129092.00,141.34
1514,500.00,129592.00,141.45
1515,199.00,129791.00,141.49
1516,500.00,130291.00,141.59
1517,500.00,130791.00,141.69
1518,500.00,131291.00,141.80
1519,500.00,131791.00,141.90
1520,500.00,132291.00,142.01
1521,500.00,132791.00,142.11
1522,500.00,133291.00,142.21
1523,500.00,133791.00,142.32
1524,500.00,134291.00,142.42
1525,500.00,134791.00,142.52
1526,500.00,135291.00,142.63
1527,500.00,135791.00,142.73
1528,500.00,136291.00,142.83
1529,500.00,136791.00,142.94
1530,500.00,137291.00,143.04
1531,500.00,137791.00,143.14
1532,500.00,138291.00,143.25
1533,327.00,138618.00,143.31
1534,193.00,138811.00,143.35
1535,10.00,138821.00,143.36
1536,174.00,138995.00,143.39
1537,500.00,139495.00,143.50
1538,79.00,139574.00,143.51
1539,50.00,139624.00,143.52
1540,17.00,139641.00,143.53
1541,20.00,139661.00,143.53
1542,21.00,139682.00,143.53
1543,18.00,139700.00,143.54
1544,18.00,139718.00,143.54
1545,11.00,139729.00,143.54
1546,9.00,139738.00,143.55
1547,10.00,139748.00,143.55
1548,10.00,139758.00,143.55
1549,10.00,139768.00,143.55
1550,10.00,139778.00,143.55
1551,11.00,139789.00,143.56
1552,10.00,139799.00,143.56
1553,9.00,139808.00,143.56
1554,9.00,139817.00,143.56
1555,11.00,139828.00,143.56
1556,9.00,139837.00,143.57
1557,11.00,139848.00,143.57
1558,15.00,139863.00,143.57
1559,23.00,139886.00,143.58
1560,100.00,139986.00,143.60
1561,303.00,140289.00,143.66
1562,182.00,140471.00,143.70
1563,165.00,140636.00,143.73
1564,153.00,140789.00,143.76
1565,14.00,140803.00,143.77
1566,11.00,140814.00,143.77
1567,140.00,140954.00,143.80
1568,13.00,140967.00,143.80
1569,15.00,140982.00,143.80
1570,139.00,141121.00,143.83
1571,165.00,141286.00,143.87
1572,214.00,141500.00,143.91
1573,291.00,141791.00,143.97
1574,280.00,142071.00,144.03
1575,252.00,142323.00,144.08
1576,237.00,142560.00,144.13
1577,240.00,142800.00,144.18
1578,233.00,143033.00,144.23
1579,244.00,143277.00,144.28
1580,223.00,143500.00,144.32
1581,227.00,143727.00,144.37
1582,221.00,143948.00,144.42
1583,217.00,144165.00,144.46
1584,219.00,144384.00,144.51
1585,210.00,144594.00,144.55
1586,212.00,144806.00,144.59
1587,208.00,145014.00,144.64
1588,193.00,145207.00,144.68
1589,222.00,145429.00,144.72
1590,192.00,145621.00,144.76
1591,202.00,145823.00,144.80
1592,209.00,146032.00,144.85
1593,201.00,146233.00,144.89
1594,238.00,146471.00,144.94
1595,196.00,146667.00,144.98
1596,225.00,146892.00,145.03
1597,260.00,147152.00,145.08
1598,216.00,147368.00,145.12
1599,277.00,147645.00,145.18
1600,208.00,147853.00,145.22
1601,208.00,148061.00,145.27
1602,233.00,148294.00,145.32
1603,267.00,148561.00,145.37
1604,293.00,148854.00,145.43
1605,279.00,149133.00,145.49
1606,343.00,149476.00,145.56
1607,245.00,149721.00,145.61
1608,271.00,149992.00,145.67
1609,233.00,150225.00,145.72
1610,311.00,150536.00,145.78
1611,338.00,150874.00,145.85
1612,356.00,151230.00,145.92
1613,431.00,151661.00,146.01
1614,289.00,151950.00,146.07
1615,435.00,152385.00,146.16
1616,369.00,152754.00,146.24
1617,447.00,153201.00,146.33
1618,431.00,153632.00,146.42
1619,500.00,154132.00,146.52
1620,500.00,154632.00,146.63
1621,290.00,154922.00,146.69
1622,500.00,155422.00,146.79
1623,341.00,155763.00,146.86
1624,304.00,156067.00,146.92
1625,500.00,156567.00,147.03
1626,477.00,157044.00,147.13
1627,500.00,157544.00,147.23
1628,426.00,157970.00,147.32
1629,265.00,158235.00,147.37
1630,263.00,158498.00,147.43
1631,500.00,158998.00,147.53
1632,294.00,159292.00,147.59
1633,306.00,159598.00,147.65
1634,500.00,160098.00,147.76
1635,500.00,160598.00,147.86
1636,299.00,160897.00,147.92
1637,500.00,161397.00,148.03
1638,500.00,161897.00,148.13
1639,303.00,162200.00,148.19
1640,386.00,162586.00,148.27
1641,375.00,162961.00,148.35
1642,288.00,163249.00,148.41
1643,500.00,163749.00,148.51
1644,500.00,164249.00,148.62
1645,309.00,164558.00,148.68
1646,348.00,164906.00,148.75
1647,369.00,165275.00,148.83
1648,10.00,165285.00,148.83
1649,9.00,165294.00,148.83
1650,10.00,165304.00,148.84
1651,8.00,165312.00,148.84
1652,10.00,165322.00,148.84
1653,10.00,165332.00,148.84
1654,9.00,165341.00,148.84
1655,10.00,165351.00,148.84
1656,10.00,165361.00,148.85
1657,10.00,165371.00,148.85
1658,9.00,165380.00,148.85
1659,9.00,165389.00,148.85
1660,11.00,165400.00,148.85
1661,10.00,165410.00,148.86
1662,10.00,165420.00,148.86
1663,241.00,165661.00,148.91
1664,267.00,165928.00,148.96
1665,208.00,166136.00,149.01
1666,177.00,166313.00,149.04
1667,159.00,166472.00,149.08
1668,10.00,166482.00,149.08
1669,9.00,166491.00,149.08
1670,10.00,166501.00,149.08
1671,9.00,166510.00,149.08
1672,9.00,166519.00,149.09
1673,9.00,166528.00,149.09
1674,9.00,166537.00,149.09
1675,9.00,166546.00,149.09
1676,10.00,166556.00,149.09
1677,11.00,166567.00,149.10
1678,10.00,166577.00,149.10
1679,10.00,166587.00,149.10
1680,10.00,166597.00,149.10
1681,9.00,166606.00,149.10
1682,9.00,166615.00,149.11
1683,10.00,166625.00,149.11
1684,10.00,166635.00,149.11
1685,9.00,166644.00,149.11
1686,11.00,166655.00,149.11
1687,9.00,166664.00,149.12
1688,10.00,166674.00,149.12
1689,10.00,166684.00,149.12
1690,10.00,166694.00,149.12
1691,9.00,166703.00,149.12
1692,10.00,166713.00,149.13
1693,9.00,166722.00,149.13
1694,10.00,166732.00,149.13
1695,11.00,166743.00,149.13
1696,11.00,166754.00,149.14
1697,161.00,166915.00,149.17
1698,222.00,167137.00,149.21
1699,468.00,167605.00,149.31
1700,158.00,167763.00,149.34
1701,170.00,167933.00,149.38
1702,174.00,168107.00,149.41
1703,175.00,168282.00,149.45
1704,189.00,168471.00,149.49
1705,194.00,168665.00,149.53
1706,215.00,168880.00,149.57
1707,254.00,169134.00,149.63
1708,327.00,169461.00,149.70
1709,362.00,169823.00,149.77
1710,500.00,170323.00,149.87
1711,347.00,170670.00,149.95
1712,417.00,171087.00,150.03
1713,434.00,171521.00,150.12
1714,500.00,172021.00,150.22
1715,500.00,172521.00,150.33
1716,437.00,172958.00,150.42
1717,296.00,173254.00,150.48
1718,355.00,173609.00,150.55
1719,342.00,173951.00,150.62
1720,351.00,174302.00,150.70
1721,380.00,174682.00,150.78
1722,315.00,174997.00,150.84
1723,287.00,175284.00,150.90
1724,256.00,175540.00,150.95
1725,288.00,175828.00,151.01
1726,248.00,176076.00,151.06
1727,288.00,176364.00,151.12
1728,282.00,176646.00,151.18
1729,285.00,176931.00,151.24
1730,314.00,177245.00,151.31
1731,299.00,177544.00,151.37
1732,264.00,177808.00,151.42
1733,314.00,178122.00,151.49
1734,318.00,178440.00,151.55
1735,282.00,178722.00,151.61
1736,334.00,179056.00,151.68
1737,288.00,179344.00,151.74
1738,328.00,179672.00,151.81
1739,293.00,179965.00,151.87
1740,294.00,180259.00,151.93
1741,443.00,180702.00,152.02
1742,295.00,180997.00,152.08
1743,331.00,181328.00,152.15
1744,402.00,181730.00,152.23
1745,326.00,182056.00,152.30
1746,372.00,182428.00,152.38
1747,287.00,182715.00,152.44
1748,427.00,183142.00,152.53
1749,477.00,183619.00,152.62
1750,421.00,184040.00,152.71
1751,331.00,184371.00,152.78
1752,500.00,184871.00,152.88
1753,262.00,185133.00,152.94
1754,475.00,185608.00,153.04
1755,500.00,186108.00,153.14
1756,346.00,186454.00,153.21
1757,295.00,186749.00,153.27
1758,311.00,187060.00,153.34
1759,379.00,187439.00,153.41
1760,275.00,187714.00,153.47
1761,312.00,188026.00,153.54
1762,411.00,188437.00,153.62
1763,500.00,188937.00,153.72
1764,285.00,189222.00,153.78
1765,348.00,189570.00,153.86
1766,360.00,189930.00,153.93
1767,437.00,190367.00,154.02
1768,269.00,190636.00,154.08
1769,500.00,191136.00,154.18
1770,250.00,191386.00,154.23
1771,318.00,191704.00,154.30
1772,374.00,192078.00,154.37
1773,500.00,192578.00,154.48
1774,402.00,192980.00,154.56
1775,361.00,193341.00,154.64
1776,500.00,193841.00,154.74
1777,383.00,194224.00,154.82
1778,282.00,194506.00,154.88
1779,301.00,194807.00,154.94
1780,475.00,195282.00,155.04
1781,500.00,195782.00,155.14
1782,386.00,196168.00,155.22
1783,293.00,196461.00,155.28
1784,397.00,196858.00,155.36
1785,362.00,197220.00,155.44
1786,500.00,197720.00,155.54
1787,371.00,198091.00,155.62
1788,292.00,198383.00,155.68
1789,275.00,198658.00,155.74
1790,314.00,198972.00,155.80
1791,369.00,199341.00,155.88
1792,500.00,199841.00,155.98
1793,500.00,200341.00,156.08
1794,266.00,200607.00,156.14
1795,467.00,201074.00,156.24
1796,302.00,201376.00,156.30
1797,384.00,201760.00,156.38
1798,304.00,202064.00,156.44
1799,500.00,202564.00,156.54
1800,415.00,202979.00,156.63
1801,393.00,203372.00,156.71
1802,500.00,203872.00,156.81
1803,500.00,204372.00,156.92
1804,500.00,204872.00,157.02
1805,500.00,205372.00,157.12
1806,500.00,205872.00,157.23
1807,500.00,206372.00,157.33
1808,362.00,206734.00,157.41
1809,500.00,207234.00,157.51
1810,500.00,207734.00,157.61
1811,500.00,208234.00,157.72
1812,473.00,208707.00,157.81
1813,496.00,209203.00,157.92
1814,382.00,209585.00,158.00
1815,330.00,209915.00,158.06
1816,355.00,210270.00,158.14
1817,341.00,210611.00,158.21
1818,363.00,210974.00,158.28
1819,344.00,211318.00,158.35
1820,362.00,211680.00,158.43
1821,302.00,211982.00,158.49
1822,313.00,212295.00,158.56
1823,292.00,212587.00,158.62
1824,322.00,212909.00,158.68
1825,307.00,213216.00,158.75
1826,381.00,213597.00,158.83
1827,457.00,214054.00,158.92
1828,373.00,214427.00,159.00
1829,292.00,214719.00,159.06
1830,331.00,215050.00,159.13
1831,434.00,215484.00,159.22
1832,500.00,215984.00,159.32
1833,500.00,216484.00,159.42
1834,319.00,216803.00,159.49
1835,438.00,217241.00,159.58
1836,500.00,217741.00,159.68
1837,500.00,218241.00,159.79
1838,500.00,218741.00,159.89
1839,348.00,219089.00,159.96
1840,288.00,219377.00,160.02
1841,399.00,219776.00,160.10
1842,491.00,220267.00,160.21
1843,500.00,220767.00,160.31
1844,500.00,221267.00,160.41
1845,343.00,221610.00,160.48
1846,310.00,221920.00,160.55
1847,500.00,222420.00,160.65
1848,500.00,222920.00,160.75
1849,351.00,223271.00,160.83
1850,271.00,223542.00,160.88
1851,376.00,223918.00,160.96
1852,287.00,224205.00,161.02
1853,305.00,224510.00,161.08
1854,10.00,224520.00,161.09
1855,8.00,224528.00,161.09
1856,9.00,224537.00,161.09
1857,10.00,224547.00,161.09
1858,10.00,224557.00,161.09
1859,10.00,224567.00,161.10
1860,9.00,224576.00,161.10
1861,10.00,224586.00,161.10
1862,10.00,224596.00,161.10
1863,10.00,224606.00,161.10
1864,10.00,224616.00,161.11
1865,9.00,224625.00,161.11
1866,9.00,224634.00,161.11
1867,11.00,224645.00,161.11
1868,296.00,224941.00,161.17
1869,266.00,225207.00,161.23
1870,11.00,225218.00,161.23
1871,11.00,225229.00,161.23
1872,9.00,225238.00,161.23
1873,9.00,225247.00,161.24
1874,9.00,225256.00,161.24
1875,9.00,225265.00,161.24
1876,11.00,225276.00,161.24
1877,10.00,225286.00,161.24
1878,9.00,225295.00,161.25
1879,11.00,225306.00,161.25
1880,10.00,225316.00,161.25
1881,9.00,225325.00,161.25
1882,9.00,225334.00,161.25
1883,10.00,225344.00,161.26
1884,10.00,225354.00,161.26
1885,9.00,225363.00,161.26
1886,11.00,225374.00,161.26
1887,9.00,225383.00,161.26
1888,9.00,225392.00,161.27
1889,9.00,225401.00,161.27
1890,10.00,225411.00,161.27
1891,8.00,225419.00,161.27
1892,9.00,225428.00,161.27
1893,9.00,225437.00,161.28
1894,9.00,225446.00,161.28
1895,10.00,225456.00,161.28
1896,10.00,225466.00,161.28
1897,10.00,225476.00,161.28
1898,11.00,225487.00,161.29
1899,10.00,225497.00,161.29
1900,11.00,225508.00,161.29
1901,183.00,225691.00,161.33
1902,498.00,226189.00,161.43
1903,225.00,226414.00,161.48
1904,226.00,226640.00,161.52
1905,242.00,226882.00,161.57
1906,271.00,227153.00,161.63
1907,301.00,227454.00,161.69
1908,355.00,227809.00,161.77
1909,426.00,228235.00,161.85
1910,500.00,228735.00,161.96
1911,500.00,229235.00,162.06
1912,500.00,229735.00,162.16
1913,500.00,230235.00,162.27
1914,500.00,230735.00,162.37
1915,500.00,231235.00,162.47
1916,500.00,231735.00,162.58
1917,500.00,232235.00,162.68
1918,500.00,232735.00,162.79
1919,500.00,233235.00,162.89
1920,500.00,233735.00,162.99
1921,500.00,234235.00,163.10
1922,500.00,234735.00,163.20
1923,500.00,235235.00,163.30
1924,500.00,235735.00,163.41
1925,500.00,236235.00,163.51
1926,500.00,236735.00,163.61
1927,500.00,237235.00,163.72
1928,500.00,237735.00,163.82
1929,500.00,238235.00,163.92
1930,500.00,238735.00,164.03
1931,500.00,239235.00,164.13
1932,500.00,239735.00,164.23
1933,500.00,240235.00,164.34
1934,500.00,240735.00,164.44
1935,500.00,241235.00,164.54
1936,500.00,241735.00,164.65
1937,500.00,242235.00,164.75
1938,500.00,242735.00,164.85
1939,500.00,243235.00,164.96
1940,500.00,243735.00,165.06
1941,500.00,244235.00,165.16
1942,500.00,244735.00,165.27
1943,500.00,245235.00,165.37
1944,500.00,245735.00,165.47
1945,500.00,246235.00,165.58
1946,500.00,246735.00,165.68
1947,500.00,247235.00,165.79
1948,500.00,247735.00,165.89
1949,500.00,248235.00,165.99
1950,500.00,248735.00,166.10
1951,500.00,249235.00,166.20
1952,500.00,249735.00,166.30
1953,409.00,250144.00,166.39
1954,500.00,250644.00,166.49
1955,497.00,251141.00,166.59
1956,9.00,251150.00,166.59
1957,9.00,251159.00,166.60
1958,10.00,251169.00,166.60
1959,9.00,251178.00,166.60
1960,9.00,251187.00,166.60
1961,9.00,251196.00,166.60
1962,9.00,251205.00,166.61
1963,10.00,251215.00,166.61
1964,10.00,251225.00,166.61
1965,9.00,251234.00,166.61
1966,10.00,251244.00,166.61
1967,9.00,251253.00,166.62
1968,10.00,251263.00,166.62
1969,11.00,251274.00,166.62
1970,12.00,251286.00,166.62
1971,500.00,251786.00,166.73
1972,241.00,252027.00,166.78
1973,10.00,252037.00,166.78
1974,10.00,252047.00,166.78
1975,10.00,252057.00,166.78
1976,10.00,252067.00,166.78
1977,11.00,252078.00,166.79
1978,186.00,252264.00,166.83
1979,10.00,252274.00,166.83
1980,11.00,252285.00,166.83
1981,10.00,252295.00,166.83
1982,11.00,252306.00,166.83
1983,192.00,252498.00,166.87
1984,277.00,252775.00,166.93
1985,500.00,253275.00,167.03
1986,381.00,253656.00,167.11
1987,500.00,254156.00,167.22
1988,500.00,254656.00,167.32
1989,500.00,255156.00,167.42
1990,500.00,255656.00,167.53
1991,500.00,256156.00,167.63
1992,500.00,256656.00,167.73
1993,500.00,257156.00,167.84
1994,500.00,257656.00,167.94
1995,500.00,258156.00,168.04
1996,477.00,258633.00,168.14
1997,500.00,259133.00,168.25
1998,479.00,259612.00,168.35
1999,458.00,260070.00,168.44
2000,458.00,260528.00,168.54
2001,417.00,260945.00,168.62
2002,432.00,261377.00,168.71
2003,371.00,261748.00,168.79
2004,453.00,262201.00,168.88
2005,470.00,262671.00,168.98
2006,385.00,263056.00,169.06
2007,436.00,263492.00,169.15
2008,495.00,263987.00,169.25
2009,452.00,264439.00,169.34
2010,386.00,264825.00,169.42
2011,411.00,265236.00,169.51
2012,448.00,265684.00,169.60
2013,475.00,266159.00,169.70
2014,500.00,266659.00,169.80
2015,488.00,267147.00,169.90
2016,500.00,267647.00,170.01
2017,500.00,268147.00,170.11
2018,500.00,268647.00,170.21
2019,468.00,269115.00,170.31
2020,500.00,269615.00,170.42
2021,500.00,270115.00,170.52
2022,500.00,270615.00,170.62
2023,470.00,271085.00,170.72
2024,385.00,271470.00,170.80
2025,500.00,271970.00,170.90
2026,500.00,272470.00,171.01
2027,464.00,272934.00,171.10
2028,338.00,273272.00,171.17
2029,494.00,273766.00,171.27
2030,443.00,274209.00,171.37
2031,500.00,274709.00,171.47
2032,415.00,275124.00,171.55
2033,500.00,275624.00,171.66
2034,500.00,276124.00,171.76
2035,500.00,276624.00,171.87
2036,500.00,277124.00,171.97
2037,500.00,277624.00,172.07
2038,500.00,278124.00,172.18
2039,500.00,278624.00,172.28
2040,500.00,279124.00,172.38
2041,500.00,279624.00,172.49
2042,500.00,280124.00,172.59
2043,500.00,280624.00,172.69
2044,497.00,281121.00,172.80
2045,500.00,281621.00,172.90
2046,458.00,282079.00,172.99
2047,500.00,282579.00,173.10
2048,500.00,283079.00,173.20
2049,500.00,283579.00,173.30
2050,500.00,284079.00,173.41
2051,500.00,284579.00,173.51
2052,500.00,285079.00,173.61
2053,500.00,285579.00,173.72
2054,500.00,286079.00,173.82
2055,500.00,286579.00,173.92
2056,408.00,286987.00,174.01
2057,500.00,287487.00,174.11
2058,490.00,287977.00,174.21
2059,327.00,288304.00,174.28
2060,303.00,288607.00,174.34
2061,329.00,288936.00,174.41
2062,279.00,289215.00,174.47
2063,338.00,289553.00,174.54
2064,496.00,290049.00,174.64
2065,392.00,290441.00,174.72
2066,462.00,290903.00,174.82
2067,338.00,291241.00,174.89
2068,500.00,291741.00,174.99
2069,500.00,292241.00,175.10
2070,428.00,292669.00,175.18
2071,467.00,293136.00,175.28
2072,500.00,293636.00,175.38
2073,500.00,294136.00,175.49
2074,500.00,294636.00,175.59
2075,500.00,295136.00,175.69
2076,500.00,295636.00,175.80
2077,500.00,296136.00,175.90
2078,500.00,296636.00,176.01
2079,387.00,297023.00,176.09
2080,387.00,297410.00,176.17
2081,339.00,297749.00,176.24
2082,334.00,298083.00,176.30
2083,474.00,298557.00,176.40
2084,500.00,299057.00,176.51
2085,493.00,299550.00,176.61
2086,500.00,300050.00,176.71
2087,467.00,300517.00,176.81
2088,500.00,301017.00,176.91
2089,500.00,301517.00,177.01
2090,500.00,302017.00,177.12
2091,500.00,302517.00,177.22
2092,500.00,303017.00,177.33
2093,500.00,303517.00,177.43
2094,500.00,304017.00,177.53
2095,500.00,304517.00,177.64
2096,500.00,305017.00,177.74
2097,500.00,305517.00,177.84
2098,500.00,306017.00,177.95
2099,500.00,306517.00,178.05
2100,500.00,307017.00,178.15
2101,500.00,307517.00,178.26
2102,500.00,308017.00,178.36
2103,500.00,308517.00,178.46
2104,500.00,309017.00,178.57
2105,500.00,309517.00,178.67
2106,500.00,310017.00,178.77
2107,500.00,310517.00,178.88
2108,500.00,311017.00,178.98
2109,500.00,311517.00,179.08
2110,500.00,312017.00,179.19
2111,470.00,312487.00,179.28
2112,339.00,312826.00,179.35
2113,500.00,313326.00,179.46
2114,472.00,313798.00,179.56
2115,362.00,314160.00,179.63
2116,500.00,314660.00,179.73
2117,500.00,315160.00,179.84
2118,360.00,315520.00,179.91
2119,500.00,316020.00,180.02
2120,500.00,316520.00,180.12
2121,500.00,317020.00,180.22
2122,500.00,317520.00,180.33
2123,500.00,318020.00,180.43
2124,500.00,318520.00,180.53
2125,500.00,319020.00,180.64
2126,500.00,319520.00,180.74
2127,500.00,320020.00,180.84
2128,500.00,320520.00,180.95
2129,435.00,320955.00,181.04
2130,457.00,321412.00,181.13
2131,500.00,321912.00,181.23
2132,500.00,322412.00,181.34
2133,500.00,322912.00,181.44
2134,500.00,323412.00,181.54
2135,500.00,323912.00,181.65
2136,500.00,324412.00,181.75
2137,500.00,324912.00,181.85
2138,500.00,325412.00,181.96
2139,500.00,325912.00,182.06
2140,500.00,326412.00,182.17
2141,500.00,326912.00,182.27
2142,500.00,327412.00,182.37
2143,500.00,327912.00,182.48
2144,500.00,328412.00,182.58
2145,500.00,328912.00,182.68
2146,500.00,329412.00,182.79
2147,500.00,329912.00,182.89
2148,500.00,330412.00,182.99
2149,500.00,330912.00,183.10
2150,500.00,331412.00,183.20
2151,500.00,331912.00,183.30
2152,500.00,332412.00,183.41
2153,500.00,332912.00,183.51
2154,500.00,333412.00,183.61
2155,500.00,333912.00,183.72
2156,500.00,334412.00,183.82
2157,500.00,334912.00,183.92
2158,500.00,335412.00,184.03
2159,500.00,335912.00,184.13
2160,500.00,336412.00,184.23
2161,500.00,336912.00,184.34
2162,500.00,337412.00,184.44
2163,500.00,337912.00,184.54
2164,500.00,338412.00,184.65
2165,467.00,338879.00,184.74
2166,229.00,339108.00,184.79
2167,274.00,339382.00,184.85
2168,261.00,339643.00,184.90
2169,262.00,339905.00,184.96
2170,261.00,340166.00,185.01
2171,436.00,340602.00,185.10
2172,10.00,340612.00,185.10
2173,10.00,340622.00,185.10
2174,10.00,340632.00,185.11
2175,500.00,341132.00,185.21
2176,168.00,341300.00,185.25
2177,9.00,341309.00,185.25
2178,10.00,341319.00,185.25
2179,9.00,341328.00,185.25
2180,10.00,341338.00,185.25
2181,10.00,341348.00,185.26
2182,9.00,341357.00,185.26
2183,10.00,341367.00,185.26
2184,8.00,341375.00,185.26
2185,10.00,341385.00,185.26
2186,9.00,341394.00,185.26
2187,9.00,341403.00,185.27
2188,9.00,341412.00,185.27
2189,10.00,341422.00,185.27
2190,9.00,341431.00,185.27
2191,9.00,341440.00,185.27
2192,10.00,341450.00,185.28
2193,10.00,341460.00,185.28
2194,11.00,341471.00,185.28
2195,9.00,341480.00,185.28
2196,9.00,341489.00,185.28
2197,8.00,341497.00,185.29
2198,10.00,341507.00,185.29
2199,11.00,341518.00,185.29
2200,157.00,341675.00,185.32
2201,458.00,342133.00,185.42
2202,246.00,342379.00,185.47
2203,196.00,342575.00,185.51
2204,12.00,342587.00,185.51
2205,11.00,342598.00,185.51
2206,11.00,342609.00,185.52
2207,10.00,342619.00,185.52
2208,11.00,342630.00,185.52
2209,10.00,342640.00,185.52
2210,10.00,342650.00,185.52
2211,10.00,342660.00,185.53
2212,11.00,342671.00,185.53
2213,9.00,342680.00,185.53
2214,12.00,342692.00,185.53
2215,11.00,342703.00,185.54
2216,12.00,342715.00,185.54
2217,191.00,342906.00,185.58
2218,500.00,343406.00,185.68
2219,228.00,343634.00,185.73
2220,246.00,343880.00,185.78
2221,263.00,344143.00,185.83
2222,338.00,344481.00,185.90
2223,220.00,344701.00,185.95
2224,259.00,344960.00,186.00
2225,317.00,345277.00,186.07
2226,206.00,345483.00,186.11
2227,204.00,345687.00,186.15
2228,261.00,345948.00,186.21
2229,218.00,346166.00,186.25
2230,223.00,346389.00,186.30
2231,208.00,346597.00,186.34
2232,200.00,346797.00,186.38
2233,232.00,347029.00,186.43
2234,193.00,347222.00,186.47
2235,179.00,347401.00,186.51
2236,205.00,347606.00,186.55
2237,185.00,347791.00,186.59
2238,188.00,347979.00,186.63
2239,189.00,348168.00,186.67
2240,181.00,348349.00,186.70
2241,201.00,348550.00,186.75
2242,182.00,348732.00,186.78
2243,189.00,348921.00,186.82
2244,179.00,349100.00,186.86
2245,218.00,349318.00,186.90
2246,245.00,349563.00,186.95
2247,243.00,349806.00,187.00
2248,305.00,350111.00,187.07
2249,298.00,350409.00,187.13
2250,265.00,350674.00,187.18
2251,276.00,350950.00,187.24
2252,237.00,351187.00,187.29
2253,224.00,351411.00,187.34
2254,232.00,351643.00,187.39
2255,230.00,351873.00,187.43
2256,233.00,352106.00,187.48
2257,244.00,352350.00,187.53
2258,217.00,352567.00,187.58
2259,251.00,352818.00,187.63
2260,213.00,353031.00,187.67
2261,219.00,353250.00,187.72
2262,265.00,353515.00,187.77
2263,236.00,353751.00,187.82
2264,254.00,354005.00,187.87
2265,251.00,354256.00,187.93
2266,230.00,354486.00,187.97
2267,247.00,354733.00,188.02
2268,265.00,354998.00,188.08
2269,245.00,355243.00,188.13
2270,249.00,355492.00,188.18
2271,263.00,355755.00,188.24
2272,248.00,356003.00,188.29
2273,281.00,356284.00,188.35
2274,289.00,356573.00,188.40
2275,276.00,356849.00,188.46
2276,278.00,357127.00,188.52
2277,273.00,357400.00,188.58
2278,320.00,357720.00,188.64
2279,320.00,358040.00,188.71
2280,346.00,358386.00,188.78
2281,371.00,358757.00,188.86
2282,335.00,359092.00,188.93
2283,311.00,359403.00,188.99
2284,358.00,359761.00,189.06
2285,367.00,360128.00,189.14
2286,343.00,360471.00,189.21
2287,372.00,360843.00,189.29
2288,412.00,361255.00,189.37
2289,335.00,361590.00,189.44
2290,471.00,362061.00,189.54
2291,500.00,362561.00,189.64
2292,500.00,363061.00,189.75
2293,500.00,363561.00,189.85
2294,500.00,364061.00,189.95
2295,500.00,364561.00,190.06
2296,498.00,365059.00,190.16
2297,500.00,365559.00,190.26
2298,500.00,366059.00,190.37
2299,500.00,366559.00,190.47
2300,500.00,367059.00,190.57
2301,500.00,367559.00,190.68
2302,500.00,368059.00,190.78
2303,500.00,368559.00,190.88
2304,500.00,369059.00,190.99
2305,500.00,369559.00,191.09
2306,500.00,370059.00,191.19
2307,500.00,370559.00,191.30
2308,500.00,371059.00,191.40
2309,500.00,371559.00,191.51
2310,500.00,372059.00,191.61
2311,500.00,372559.00,191.71
2312,500.00,373059.00,191.82
2313,500.00,373559.00,191.92
2314,500.00,374059.00,192.02
2315,500.00,374559.00,192.13
2316,500.00,375059.00,192.23
2317,500.00,375559.00,192.33
2318,500.00,376059.00,192.44
2319,500.00,376559.00,192.54
2320,500.00,377059.00,192.64
2321,500.00,377559.00,192.75
2322,500.00,378059.00,192.85
2323,500.00,378559.00,192.95
2324,500.00,379059.00,193.06
2325,500.00,379559.00,193.16
2326,500.00,380059.00,193.26
2327,500.00,380559.00,193.37
2328,500.00,381059.00,193.47
2329,500.00,381559.00,193.57
2330,500.00,382059.00,193.68
2331,500.00,382559.00,193.78
2332,500.00,383059.00,193.88
2333,500.00,383559.00,193.99
2334,500.00,384059.00,194.09
2335,500.00,384559.00,194.19
2336,500.00,385059.00,194.30
2337,500.00,385559.00,194.40
2338,500.00,386059.00,194.51
2339,500.00,386559.00,194.61
2340,500.00,387059.00,194.71
2341,500.00,387559.00,194.82
2342,500.00,388059.00,194.92
2343,500.00,388559.00,195.02
2344,500.00,389059.00,195.13
2345,500.00,389559.00,195.23
2346,500.00,390059.00,195.33
2347,500.00,390559.00,195.44
2348,500.00,391059.00,195.54
2349,500.00,391559.00,195.64
2350,500.00,392059.00,195.75
2351,500.00,392559.00,195.85
2352,500.00,393059.00,195.95
2353,500.00,393559.00,196.06
2354,500.00,394059.00,196.16
2355,500.00,394559.00,196.26
2356,500.00,395059.00,196.37
2357,500.00,395559.00,196.47
2358,500.00,396059.00,196.57
2359,500.00,396559.00,196.68
2360,500.00,397059.00,196.78
2361,500.00,397559.00,196.88
2362,500.00,398059.00,196.99
2363,500.00,398559.00,197.09
2364,500.00,399059.00,197.19
2365,500.00,399559.00,197.30
2366,500.00,400059.00,197.40
2367,500.00,400559.00,197.50
2368,500.00,401059.00,197.61
2369,500.00,401559.00,197.71
2370,500.00,402059.00,197.82
2371,500.00,402559.00,197.92
2372,500.00,403059.00,198.02
2373,500.00,403559.00,198.13
2374,500.00,404059.00,198.23
2375,500.00,404559.00,198.33
2376,500.00,405059.00,198.44
2377,500.00,405559.00,198.54
2378,500.00,406059.00,198.64
2379,500.00,406559.00,198.75
2380,500.00,407059.00,198.85
2381,500.00,407559.00,198.95
2382,500.00,408059.00,199.06
2383,500.00,408559.00,199.16
2384,356.00,408915.00,199.23
2385,500.00,409415.00,199.34
2386,445.00,409860.00,199.43
2387,500.00,410360.00,199.53
2388,500.00,410860.00,199.64
2389,500.00,411360.00,199.74
2390,500.00,411860.00,199.84
2391,405.00,412265.00,199.93
2392,500.00,412765.00,200.03
2393,500.00,413265.00,200.13
2394,500.00,413765.00,200.24
2395,500.00,414265.00,200.34
2396,500.00,414765.00,200.44
2397,500.00,415265.00,200.55
2398,500.00,415765.00,200.65
2399,500.00,416265.00,200.75
2400,500.00,416765.00,200.86
2401,500.00,417265.00,200.96
2402,500.00,417765.00,201.06
2403,500.00,418265.00,201.17
2404,500.00,418765.00,201.27
2405,500.00,419265.00,201.37
2406,500.00,419765.00,201.48
2407,500.00,420265.00,201.58
2408,500.00,420765.00,201.69
2409,500.00,421265.00,201.79
2410,500.00,421765.00,201.89
2411,500.00,422265.00,202.00
2412,500.00,422765.00,202.10
2413,500.00,423265.00,202.20
2414,500.00,423765.00,202.31
2415,500.00,424265.00,202.41
2416,500.00,424765.00,202.51
2417,500.00,425265.00,202.62
2418,500.00,425765.00,202.72
2419,500.00,426265.00,202.82
2420,500.00,426765.00,202.93
2421,500.00,427265.00,203.03
2422,500.00,427765.00,203.13
2423,500.00,428265.00,203.24
2424,500.00,428765.00,203.34
2425,500.00,429265.00,203.44
2426,500.00,429765.00,203.55
2427,500.00,430265.00,203.65
2428,500.00,430765.00,203.75
2429,500.00,431265.00,203.86
2430,500.00,431765.00,203.96
2431,454.00,432219.00,204.05
2432,412.00,432631.00,204.14
2433,425.00,433056.00,204.23
2434,44.00,433100.00,204.24
2435,45.00,433145.00,204.25
2436,500.00,433645.00,204.35
2437,258.00,433903.00,204.40
2438,200.00,434103.00,204.44
2439,190.00,434293.00,204.48
2440,179.00,434472.00,204.52
2441,152.00,434624.00,204.55
2442,153.00,434777.00,204.58
2443,155.00,434932.00,204.62
2444,159.00,435091.00,204.65
2445,161.00,435252.00,204.68
2446,153.00,435405.00,204.71
2447,156.00,435561.00,204.75
2448,163.00,435724.00,204.78
2449,177.00,435901.00,204.82
2450,267.00,436168.00,204.87
2451,10.00,436178.00,204.87
2452,11.00,436189.00,204.88
2453,10.00,436199.00,204.88
2454,9.00,436208.00,204.88
2455,10.00,436218.00,204.88
2456,9.00,436227.00,204.88
2457,11.00,436238.00,204.89
2458,9.00,436247.00,204.89
2459,10.00,436257.00,204.89
2460,12.00,436269.00,204.89
2461,11.00,436280.00,204.89
2462,12.00,436292.00,204.90
2463,488.00,436780.00,205.00
2464,170.00,436950.00,205.03
2465,173.00,437123.00,205.07
2466,12.00,437135.00,205.07
2467,148.00,437283.00,205.10
2468,12.00,437295.00,205.10
2469,11.00,437306.00,205.11
2470,11.00,437317.00,205.11
2471,10.00,437327.00,205.11
2472,151.00,437478.00,205.14
2473,170.00,437648.00,205.18
2474,185.00,437833.00,205.22
2475,221.00,438054.00,205.26
2476,500.00,438554.00,205.37
2477,238.00,438792.00,205.41
2478,294.00,439086.00,205.48
2479,329.00,439415.00,205.54
2480,389.00,439804.00,205.62
2481,432.00,440236.00,205.71
2482,460.00,440696.00,205.81
2483,500.00,441196.00,205.91
2484,500.00,441696.00,206.02
2485,500.00,442196.00,206.12
2486,500.00,442696.00,206.22
2487,500.00,443196.00,206.33
2488,500.00,443696.00,206.43
2489,500.00,444196.00,206.53
2490,500.00,444696.00,206.64
2491,500.00,445196.00,206.74
2492,485.00,445681.00,206.84
2493,500.00,446181.00,206.94
2494,500.00,446681.00,207.05
2495,392.00,447073.00,207.13
2496,500.00,447573.00,207.23
2497,412.00,447985.00,207.32
2498,400.00,448385.00,207.40
2499,363.00,448748.00,207.47
2500,398.00,449146.00,207.56
2501,484.00,449630.00,207.66
2502,444.00,450074.00,207.75
2503,331.00,450405.00,207.82
2504,347.00,450752.00,207.89
2505,451.00,451203.00,207.98
2506,440.00,451643.00,208.07
2507,395.00,452038.00,208.15
2508,318.00,452356.00,208.22
2509,299.00,452655.00,208.28
2510,435.00,453090.00,208.37
2511,315.00,453405.00,208.44
2512,246.00,453651.00,208.49
2513,392.00,454043.00,208.57
2514,346.00,454389.00,208.64
2515,349.00,454738.00,208.71
2516,248.00,454986.00,208.76
2517,274.00,455260.00,208.82
2518,312.00,455572.00,208.89
2519,328.00,455900.00,208.95
2520,360.00,456260.00,209.03
2521,250.00,456510.00,209.08
2522,272.00,456782.00,209.14
2523,272.00,457054.00,209.19
2524,429.00,457483.00,209.28
2525,290.00,457773.00,209.34
2526,209.00,457982.00,209.38
2527,224.00,458206.00,209.43
2528,297.00,458503.00,209.49
2529,289.00,458792.00,209.55
2530,273.00,459065.00,209.61
2531,500.00,459565.00,209.71
2532,325.00,459890.00,209.78
2533,256.00,460146.00,209.83
2534,201.00,460347.00,209.87
2535,245.00,460592.00,209.92
2536,202.00,460794.00,209.97
2537,255.00,461049.00,210.02
2538,214.00,461263.00,210.06
2539,241.00,461504.00,210.11
2540,234.00,461738.00,210.16
2541,216.00,461954.00,210.21
2542,197.00,462151.00,210.25
2543,267.00,462418.00,210.30
2544,289.00,462707.00,210.36
2545,221.00,462928.00,210.41
2546,223.00,463151.00,210.45
2547,196.00,463347.00,210.49
2548,232.00,463579.00,210.54
2549,206.00,463785.00,210.59
2550,314.00,464099.00,210.65
2551,249.00,464348.00,210.70
2552,323.00,464671.00,210.77
2553,234.00,464905.00,210.82
2554,253.00,465158.00,210.87
2555,214.00,465372.00,210.91
2556,280.00,465652.00,210.97
2557,211.00,465863.00,211.01
2558,229.00,466092.00,211.06
2559,219.00,466311.00,211.11
2560,320.00,466631.00,211.17
2561,252.00,466883.00,211.23
2562,367.00,467250.00,211.30
2563,500.00,467750.00,211.41
2564,339.00,468089.00,211.48
2565,295.00,468384.00,211.54
2566,496.00,468880.00,211.64
2567,230.00,469110.00,211.69
2568,454.00,469564.00,211.78
2569,265.00,469829.00,211.84
2570,457.00,470286.00,211.93
2571,500.00,470786.00,212.03
2572,476.00,471262.00,212.13
2573,446.00,471708.00,212.22
2574,431.00,472139.00,212.31
2575,468.00,472607.00,212.41
2576,500.00,473107.00,212.51
2577,410.00,473517.00,212.60
2578,457.00,473974.00,212.69
2579,449.00,474423.00,212.79
2580,500.00,474923.00,212.89
2581,459.00,475382.00,212.98
2582,458.00,475840.00,213.08
2583,449.00,476289.00,213.17
2584,446.00,476735.00,213.26
2585,500.00,477235.00,213.37
2586,500.00,477735.00,213.47
2587,500.00,478235.00,213.57
2588,472.00,478707.00,213.67
2589,427.00,479134.00,213.76
2590,436.00,479570.00,213.85
2591,423.00,479993.00,213.94
2592,447.00,480440.00,214.03
2593,500.00,480940.00,214.13
2594,423.00,481363.00,214.22
2595,382.00,481745.00,214.30
2596,487.00,482232.00,214.40
2597,500.00,482732.00,214.50
2598,500.00,483232.00,214.61
2599,404.00,483636.00,214.69
2600,494.00,484130.00,214.79
2601,500.00,484630.00,214.90
2602,500.00,485130.00,215.00
2603,431.00,485561.00,215.09
2604,418.00,485979.00,215.18
2605,436.00,486415.00,215.27
2606,457.00,486872.00,215.36
2607,435.00,487307.00,215.45
2608,500.00,487807.00,215.55
2609,500.00,488307.00,215.66
2610,450.00,488757.00,215.75
2611,398.00,489155.00,215.83
2612,414.00,489569.00,215.92
2613,465.00,490034.00,216.02
2614,500.00,490534.00,216.12
2615,445.00,490979.00,216.21
2616,500.00,491479.00,216.31
2617,500.00,491979.00,216.42
2618,500.00,492479.00,216.52
2619,413.00,492892.00,216.61
2620,469.00,493361.00,216.70
2621,464.00,493825.00,216.80
2622,435.00,494260.00,216.89
2623,434.00,494694.00,216.98
2624,430.00,495124.00,217.07
2625,438.00,495562.00,217.16
2626,500.00,496062.00,217.26
2627,446.00,496508.00,217.35
2628,500.00,497008.00,217.46
2629,500.00,497508.00,217.56
2630,500.00,498008.00,217.67
2631,404.00,498412.00,217.75
2632,500.00,498912.00,217.85
2633,500.00,499412.00,217.96
2634,500.00,499912.00,218.06
2635,500.00,500412.00,218.16
2636,460.00,500872.00,218.26
2637,500.00,501372.00,218.36
2638,423.00,501795.00,218.45
2639,467.00,502262.00,218.55
2640,500.00,502762.00,218.65
2641,453.00,503215.00,218.74
2642,242.00,503457.00,218.79
2643,42.00,503499.00,218.80
2644,226.00,503725.00,218.85
2645,500.00,504225.00,218.95
2646,236.00,504461.00,219.00
2647,224.00,504685.00,219.05
2648,192.00,504877.00,219.09
2649,167.00,505044.00,219.12
2650,185.00,505229.00,219.16
2651,213.00,505442.00,219.20
2652,212.00,505654.00,219.25
2653,189.00,505843.00,219.29
2654,191.00,506034.00,219.33
2655,183.00,506217.00,219.36
2656,247.00,506464.00,219.41
2657,181.00,506645.00,219.45
2658,480.00,507125.00,219.55
2659,500.00,507625.00,219.65
2660,434.00,508059.00,219.74
2661,354.00,508413.00,219.82
2662,330.00,508743.00,219.89
2663,355.00,509098.00,219.96
2664,364.00,509462.00,220.03
2665,321.00,509783.00,220.10
2666,336.00,510119.00,220.17
2667,314.00,510433.00,220.24
2668,326.00,510759.00,220.30
2669,307.00,511066.00,220.37
2670,302.00,511368.00,220.43
2671,302.00,511670.00,220.49
2672,303.00,511973.00,220.55
2673,306.00,512279.00,220.62
2674,332.00,512611.00,220.69
2675,319.00,512930.00,220.75
2676,299.00,513229.00,220.81
2677,342.00,513571.00,220.88
2678,304.00,513875.00,220.95
2679,325.00,514200.00,221.01
2680,337.00,514537.00,221.08
2681,297.00,514834.00,221.15
2682,345.00,515179.00,221.22
2683,270.00,515449.00,221.27
2684,281.00,515730.00,221.33
2685,291.00,516021.00,221.39
2686,326.00,516347.00,221.46
2687,311.00,516658.00,221.52
2688,334.00,516992.00,221.59
2689,286.00,517278.00,221.65
2690,318.00,517596.00,221.72
2691,314.00,517910.00,221.78
2692,377.00,518287.00,221.86
2693,297.00,518584.00,221.92
2694,307.00,518891.00,221.99
2695,278.00,519169.00,222.04
2696,311.00,519480.00,222.11
2697,334.00,519814.00,222.18
2698,353.00,520167.00,222.25
2699,350.00,520517.00,222.32
2700,357.00,520874.00,222.40
2701,288.00,521162.00,222.46
2702,358.00,521520.00,222.53
2703,284.00,521804.00,222.59
2704,279.00,522083.00,222.65
2705,305.00,522388.00,222.71
2706,292.00,522680.00,222.77
2707,324.00,523004.00,222.84
2708,387.00,523391.00,222.92
2709,490.00,523881.00,223.02
2710,309.00,524190.00,223.08
2711,333.00,524523.00,223.15
2712,118.00,524641.00,223.18
2713,10.00,524651.00,223.18
2714,10.00,524661.00,223.18
2715,9.00,524670.00,223.18
2716,26.00,524696.00,223.19
2717,273.00,524969.00,223.24
2718,117.00,525086.00,223.27
2719,11.00,525097.00,223.27
2720,10.00,525107.00,223.27
2721,12.00,525119.00,223.27
2722,11.00,525130.00,223.28
2723,11.00,525141.00,223.28
2724,11.00,525152.00,223.28
2725,11.00,525163.00,223.28
2726,11.00,525174.00,223.29
2727,11.00,525185.00,223.29
2728,12.00,525197.00,223.29
2729,104.00,525301.00,223.31
2730,162.00,525463.00,223.35
2731,149.00,525612.00,223.38
2732,310.00,525922.00,223.44
2733,159.00,526081.00,223.47
2734,11.00,526092.00,223.48
2735,11.00,526103.00,223.48
2736,10.00,526113.00,223.48
2737,120.00,526233.00,223.50
2738,10.00,526243.00,223.51
2739,10.00,526253.00,223.51
2740,10.00,526263.00,223.51
2741,10.00,526273.00,223.51
2742,11.00,526284.00,223.51
2743,10.00,526294.00,223.52
2744,11.00,526305.00,223.52
2745,10.00,526315.00,223.52
2746,167.00,526482.00,223.56
2747,178.00,526660.00,223.59
2748,137.00,526797.00,223.62
2749,116.00,526913.00,223.65
2750,114.00,527027.00,223.67
2751,112.00,527139.00,223.69
2752,109.00,527248.00,223.71
2753,106.00,527354.00,223.74
2754,114.00,527468.00,223.76
2755,140.00,527608.00,223.79
2756,104.00,527712.00,223.81
2757,105.00,527817.00,223.83
2758,109.00,527926.00,223.85
2759,102.00,528028.00,223.88
2760,111.00,528139.00,223.90
2761,88.00,528227.00,223.92
2762,101.00,528328.00,223.94
2763,91.00,528419.00,223.96
2764,95.00,528514.00,223.98
2765,95.00,528609.00,224.00
2766,87.00,528696.00,224.01
2767,83.00,528779.00,224.03
2768,91.00,528870.00,224.05
2769,71.00,528941.00,224.06
2770,83.00,529024.00,224.08
2771,84.00,529108.00,224.10
2772,79.00,529187.00,224.12
2773,85.00,529272.00,224.13
2774,74.00,529346.00,224.15
2775,79.00,529425.00,224.16
2776,83.00,529508.00,224.18
2777,85.00,529593.00,224.20
2778,77.00,529670.00,224.22
2779,80.00,529750.00,224.23
2780,78.00,529828.00,224.25
2781,78.00,529906.00,224.26
2782,79.00,529985.00,224.28
2783,91.00,530076.00,224.30
2784,80.00,530156.00,224.32
2785,104.00,530260.00,224.34
2786,96.00,530356.00,224.36
2787,111.00,530467.00,224.38
2788,112.00,530579.00,224.40
2789,141.00,530720.00,224.43
2790,182.00,530902.00,224.47
2791,218.00,531120.00,224.52
2792,189.00,531309.00,224.55
2793,209.00,531518.00,224.60
2794,227.00,531745.00,224.64
2795,224.00,531969.00,224.69
2796,223.00,532192.00,224.74
2797,263.00,532455.00,224.79
2798,276.00,532731.00,224.85
2799,283.00,533014.00,224.91
2800,335.00,533349.00,224.98
2801,316.00,533665.00,225.04
2802,323.00,533988.00,225.11
2803,294.00,534282.00,225.17
2804,287.00,534569.00,225.23
2805,339.00,534908.00,225.30
2806,320.00,535228.00,225.37
2807,304.00,535532.00,225.43
2808,303.00,535835.00,225.49
2809,303.00,536138.00,225.55
2810,304.00,536442.00,225.62
2811,344.00,536786.00,225.69
2812,287.00,537073.00,225.75
2813,282.00,537355.00,225.81
2814,352.00,537707.00,225.88
2815,336.00,538043.00,225.95
2816,297.00,538340.00,226.01
2817,366.00,538706.00,226.08
2818,356.00,539062.00,226.16
2819,378.00,539440.00,226.24
2820,443.00,539883.00,226.33
2821,394.00,540277.00,226.41
2822,411.00,540688.00,226.49
2823,338.00,541026.00,226.56
2824,500.00,541526.00,226.67
2825,451.00,541977.00,226.76
2826,393.00,542370.00,226.84
2827,430.00,542800.00,226.93
2828,412.00,543212.00,227.02
2829,461.00,543673.00,227.11
2830,499.00,544172.00,227.22
2831,395.00,544567.00,227.30
2832,417.00,544984.00,227.38
2833,471.00,545455.00,227.48
2834,478.00,545933.00,227.58
2835,500.00,546433.00,227.68
2836,396.00,546829.00,227.77
2837,355.00,547184.00,227.84
2838,467.00,547651.00,227.94
2839,500.00,548151.00,228.04
2840,381.00,548532.00,228.12
2841,180.00,548712.00,228.15
2842,176.00,548888.00,228.19
2843,178.00,549066.00,228.23
2844,228.00,549294.00,228.28
2845,211.00,549505.00,228.32
2846,500.00,550005.00,228.42
2847,318.00,550323.00,228.49
2848,375.00,550698.00,228.57
2849,500.00,551198.00,228.67
2850,500.00,551698.00,228.77
2851,444.00,552142.00,228.86
2852,200.00,552342.00,228.91
2853,500.00,552842.00,229.01
2854,197.00,553039.00,229.05
2855,346.00,553385.00,229.12
2856,191.00,553576.00,229.16
2857,500.00,554076.00,229.26
2858,500.00,554576.00,229.37
2859,250.00,554826.00,229.42
2860,500.00,555326.00,229.52
2861,493.00,555819.00,229.63
2862,331.00,556150.00,229.69
2863,500.00,556650.00,229.80
2864,182.00,556832.00,229.83
2865,424.00,557256.00,229.92
2866,471.00,557727.00,230.02
2867,413.00,558140.00,230.11
2868,460.00,558600.00,230.20
2869,473.00,559073.00,230.30
2870,500.00,559573.00,230.40
2871,500.00,560073.00,230.51
2872,500.00,560573.00,230.61
2873,500.00,561073.00,230.71
2874,500.00,561573.00,230.82
2875,486.00,562059.00,230.92
2876,500.00,562559.00,231.02
2877,500.00,563059.00,231.12
2878,500.00,563559.00,231.23
2879,300.00,563859.00,231.29
2880,9.00,563868.00,231.29
2881,9.00,563877.00,231.29
2882,9.00,563886.00,231.29
2883,9.00,563895.00,231.30
2884,10.00,563905.00,231.30
2885,11.00,563916.00,231.30
2886,10.00,563926.00,231.30
2887,10.00,563936.00,231.30
2888,266.00,564202.00,231.36
2889,71.00,564273.00,231.37
2890,77.00,564350.00,231.39
2891,65.00,564415.00,231.40
2892,61.00,564476.00,231.42
2893,52.00,564528.00,231.43
2894,45.00,564573.00,231.44
2895,44.00,564617.00,231.45
2896,10.00,564627.00,231.45
2897,45.00,564672.00,231.46
2898,10.00,564682.00,231.46
2899,11.00,564693.00,231.46
2900,13.00,564706.00,231.46
2901,46.00,564752.00,231.47
2902,12.00,564764.00,231.48
2903,43.00,564807.00,231.48
2904,43.00,564850.00,231.49
2905,50.00,564900.00,231.50
2906,41.00,564941.00,231.51
2907,53.00,564994.00,231.52
2908,40.00,565034.00,231.53
2909,55.00,565089.00,231.54
2910,59.00,565148.00,231.56
2911,45.00,565193.00,231.56
2912,52.00,565245.00,231.58
2913,58.00,565303.00,231.59
2914,54.00,565357.00,231.60
2915,37.00,565394.00,231.61
2916,60.00,565454.00,231.62
2917,31.00,565485.00,231.62
2918,54.00,565539.00,231.64
2919,42.00,565581.00,231.64
2920,50.00,565631.00,231.66
2921,47.00,565678.00,231.66
2922,49.00,565727.00,231.67
2923,27.00,565754.00,231.68
2924,53.00,565807.00,231.69
2925,37.00,565844.00,231.70
2926,47.00,565891.00,231.71
2927,39.00,565930.00,231.72
2928,45.00,565975.00,231.73
2929,48.00,566023.00,231.74
2930,40.00,566063.00,231.74
2931,48.00,566111.00,231.75
2932,37.00,566148.00,231.76
2933,43.00,566191.00,231.77
2934,35.00,566226.00,231.78
2935,39.00,566265.00,231.79
2936,41.00,566306.00,231.79
2937,39.00,566345.00,231.80
2938,34.00,566379.00,231.81
2939,42.00,566421.00,231.82
2940,42.00,566463.00,231.83
2941,45.00,566508.00,231.84
2942,39.00,566547.00,231.84
2943,27.00,566574.00,231.85
2944,24.00,566598.00,231.86
2945,28.00,566626.00,231.86
2946,24.00,566650.00,231.87
2947,23.00,566673.00,231.87
2948,27.00,566700.00,231.88
2949,43.00,566743.00,231.89
2950,48.00,566791.00,231.90
2951,37.00,566828.00,231.90
2952,35.00,566863.00,231.91
2953,49.00,566912.00,231.92
2954,46.00,566958.00,231.93
2955,22.00,566980.00,231.93
2956,25.00,567005.00,231.94
2957,38.00,567043.00,231.95
2958,31.00,567074.00,231.95
2959,37.00,567111.00,231.96
2960,41.00,567152.00,231.97
2961,43.00,567195.00,231.98
2962,31.00,567226.00,231.99
2963,26.00,567252.00,231.99
2964,25.00,567277.00,232.00
2965,35.00,567312.00,232.00
2966,26.00,567338.00,232.01
2967,39.00,567377.00,232.02
2968,34.00,567411.00,232.02
2969,31.00,567442.00,232.03
2970,40.00,567482.00,232.04
2971,27.00,567509.00,232.04
2972,23.00,567532.00,232.05
2973,25.00,567557.00,232.05
2974,23.00,567580.00,232.06
2975,34.00,567614.00,232.07
2976,37.00,567651.00,232.07
2977,25.00,567676.00,232.08
2978,33.00,567709.00,232.08
2979,21.00,567730.00,232.09
2980,21.00,567751.00,232.09
2981,23.00,567774.00,232.10
2982,18.00,567792.00,232.10
2983,26.00,567818.00,232.11
2984,25.00,567843.00,232.11
2985,27.00,567870.00,232.12
2986,25.00,567895.00,232.12
2987,27.00,567922.00,232.13
2988,27.00,567949.00,232.13
2989,55.00,568004.00,232.15
2990,23.00,568027.00,232.15
2991,44.00,568071.00,232.16
2992,19.00,568090.00,232.16
2993,36.00,568126.00,232.17
2994,30.00,568156.00,232.18
2995,38.00,568194.00,232.19
2996,18.00,568212.00,232.19
2997,28.00,568240.00,232.19
2998,20.00,568260.00,232.20
2999,32.00,568292.00,232.21
3000,34.00,568326.00,232.21
3001,29.00,568355.00,232.22
